-- 테스트 계정
-- TODO: 테스트용이지만 비밀번호가 노출된 데이터 세팅. 개선하는 것이 좋을 지 고민해 보자.
insert into user_account (user_id, user_password, nickname, email, memo, created_at, created_by, modified_at, modified_by) values
('tester1', '{noop}asdf1234', 'tester1', 'tester1@mail.com', 'I am tester1.', now(), 'tester1', now(), 'tester1')
;

insert into user_account (user_id, user_password, nickname, email, memo, created_at, created_by, modified_at, modified_by) values
    ('tester2', '{noop}asdf1234', 'tester2', 'tester2@mail.com', 'I am tester2.', now(), 'tester2', now(), 'tester2')
;

-- 개시글 123개
insert into article (user_id, title, content, hashtag, created_by, modified_by, created_at, modified_at) values ('tester1', 'Proin leo odio, porttitor id, consequat in, consequat ut, nulla.', 'Cum sociis natoque penatibus et magnis dis parturient montes, nascetur ridiculus mus. Vivamus vestibulum sagittis sapien. Cum sociis natoque penatibus et magnis dis parturient montes, nascetur ridiculus mus.', '#Purple', 'tester1', 'tester1', '2023-08-13 11:39:51', '2024-08-18 23:06:23');
insert into article (user_id, title, content, hashtag, created_by, modified_by, created_at, modified_at) values ('tester2', 'In eleifend quam a odio.', 'In hac habitasse platea dictumst. Etiam faucibus cursus urna. Ut tellus.', '#Crimson', 'tester2', 'tester2', '2023-01-10 17:24:08', '2024-09-19 12:10:04');
insert into article (user_id, title, content, hashtag, created_by, modified_by, created_at, modified_at) values ('tester1', 'Maecenas ut massa quis augue luctus tincidunt.', 'Aenean lectus. Pellentesque eget nunc. Donec quis orci eget orci vehicula condimentum.', '#Orange', 'tester1', 'tester1', '2023-04-28 15:35:34', '2024-08-18 18:06:28');
insert into article (user_id, title, content, hashtag, created_by, modified_by, created_at, modified_at) values ('tester1', 'Vestibulum ante ipsum primis in faucibus orci luctus et ultrices posuere cubilia Curae; Donec pharetra, magna vestibulum aliquet ultrices, erat tortor sollicitudin mi, sit amet lobortis sapien sapien non mi.', 'Nulla ut erat id mauris vulputate elementum. Nullam varius. Nulla facilisi.', '#Teal', 'tester1', 'tester1', '2022-12-22 05:07:53', '2024-02-20 04:55:42');
insert into article (user_id, title, content, hashtag, created_by, modified_by, created_at, modified_at) values ('tester1', 'Morbi vel lectus in quam fringilla rhoncus.', 'Lorem ipsum dolor sit amet, consectetuer adipiscing elit. Proin risus. Praesent lectus.', '#Violet', 'tester1', 'tester1', '2022-12-18 09:15:38', '2024-03-06 07:59:06');
insert into article (user_id, title, content, hashtag, created_by, modified_by, created_at, modified_at) values ('tester2', 'Sed vel enim sit amet nunc viverra dapibus.', 'Duis consequat dui nec nisi volutpat eleifend. Donec ut dolor. Morbi vel lectus in quam fringilla rhoncus.', null, 'tester2', 'tester2', '2023-05-18 18:27:57', '2024-04-12 21:14:56');
insert into article (user_id, title, content, hashtag, created_by, modified_by, created_at, modified_at) values ('tester2', 'Nullam porttitor lacus at turpis.', 'Duis bibendum. Morbi non quam nec dui luctus rutrum. Nulla tellus.', '#Maroon', 'tester2', 'tester2', '2023-09-02 20:39:19', '2024-09-19 20:05:38');
insert into article (user_id, title, content, hashtag, created_by, modified_by, created_at, modified_at) values ('tester2', 'Phasellus sit amet erat.', 'Proin interdum mauris non ligula pellentesque ultrices. Phasellus id sapien in sapien iaculis congue. Vivamus metus arcu, adipiscing molestie, hendrerit at, vulputate vitae, nisl.', '#Turquoise', 'tester2', 'tester2', '2023-05-19 12:14:55', '2024-05-24 03:10:12');
insert into article (user_id, title, content, hashtag, created_by, modified_by, created_at, modified_at) values ('tester2', 'Curabitur at ipsum ac tellus semper interdum.', 'Quisque porta volutpat erat. Quisque erat eros, viverra eget, congue eget, semper rutrum, nulla. Nunc purus.', '#Teal', 'tester2', 'tester2', '2023-08-28 05:54:57', '2024-05-09 08:03:56');
insert into article (user_id, title, content, hashtag, created_by, modified_by, created_at, modified_at) values ('tester1', 'Morbi ut odio.', 'Aenean lectus. Pellentesque eget nunc. Donec quis orci eget orci vehicula condimentum.', '#Pink', 'tester1', 'tester1', '2023-08-05 10:28:04', '2024-06-30 11:31:14');
insert into article (user_id, title, content, hashtag, created_by, modified_by, created_at, modified_at) values ('tester1', 'Maecenas ut massa quis augue luctus tincidunt.', 'In quis justo. Maecenas rhoncus aliquam lacus. Morbi quis tortor id nulla ultrices aliquet.', '#Green', 'tester1', 'tester1', '2023-03-30 09:15:30', '2024-07-09 07:06:54');
insert into article (user_id, title, content, hashtag, created_by, modified_by, created_at, modified_at) values ('tester2', 'Maecenas tincidunt lacus at velit.', 'Quisque porta volutpat erat. Quisque erat eros, viverra eget, congue eget, semper rutrum, nulla. Nunc purus.', '#Orange', 'tester2', 'tester2', '2023-03-18 11:48:33', '2024-05-18 04:02:30');
insert into article (user_id, title, content, hashtag, created_by, modified_by, created_at, modified_at) values ('tester1', 'Aenean lectus.', 'Morbi non lectus. Aliquam sit amet diam in magna bibendum imperdiet. Nullam orci pede, venenatis non, sodales sed, tincidunt eu, felis.', '#Orange', 'tester1', 'tester1', '2023-02-11 01:01:22', '2024-02-15 08:54:16');
insert into article (user_id, title, content, hashtag, created_by, modified_by, created_at, modified_at) values ('tester1', 'In blandit ultrices enim.', 'Maecenas tristique, est et tempus semper, est quam pharetra magna, ac consequat metus sapien ut nunc. Vestibulum ante ipsum primis in faucibus orci luctus et ultrices posuere cubilia Curae; Mauris viverra diam vitae quam. Suspendisse potenti.', '#Pink', 'tester1', 'tester1', '2023-07-28 02:00:40', '2024-09-15 08:22:08');
insert into article (user_id, title, content, hashtag, created_by, modified_by, created_at, modified_at) values ('tester2', 'In quis justo.', 'Vestibulum quam sapien, varius ut, blandit non, interdum in, ante. Vestibulum ante ipsum primis in faucibus orci luctus et ultrices posuere cubilia Curae; Duis faucibus accumsan odio. Curabitur convallis.', null, 'tester2', 'tester2', '2023-05-06 16:06:21', '2024-04-29 00:45:47');
insert into article (user_id, title, content, hashtag, created_by, modified_by, created_at, modified_at) values ('tester1', 'Nam congue, risus semper porta volutpat, quam pede lobortis ligula, sit amet eleifend pede libero quis orci.', 'Integer tincidunt ante vel ipsum. Praesent blandit lacinia erat. Vestibulum sed magna at nunc commodo placerat.', '#Orange', 'tester1', 'tester1', '2023-02-03 06:12:09', '2024-03-25 02:35:14');
insert into article (user_id, title, content, hashtag, created_by, modified_by, created_at, modified_at) values ('tester1', 'Nulla justo.', 'Fusce posuere felis sed lacus. Morbi sem mauris, laoreet ut, rhoncus aliquet, pulvinar sed, nisl. Nunc rhoncus dui vel sem.', '#Green', 'tester1', 'tester1', '2023-09-18 23:06:33', '2024-06-17 22:50:51');
insert into article (user_id, title, content, hashtag, created_by, modified_by, created_at, modified_at) values ('tester1', 'Suspendisse accumsan tortor quis turpis.', 'Proin interdum mauris non ligula pellentesque ultrices. Phasellus id sapien in sapien iaculis congue. Vivamus metus arcu, adipiscing molestie, hendrerit at, vulputate vitae, nisl.', null, 'tester1', 'tester1', '2023-10-08 03:54:03', '2024-01-19 16:56:41');
insert into article (user_id, title, content, hashtag, created_by, modified_by, created_at, modified_at) values ('tester2', 'Morbi porttitor lorem id ligula.', 'Maecenas tristique, est et tempus semper, est quam pharetra magna, ac consequat metus sapien ut nunc. Vestibulum ante ipsum primis in faucibus orci luctus et ultrices posuere cubilia Curae; Mauris viverra diam vitae quam. Suspendisse potenti.', null, 'tester2', 'tester2', '2023-01-17 21:07:14', '2023-11-13 04:10:16');
insert into article (user_id, title, content, hashtag, created_by, modified_by, created_at, modified_at) values ('tester1', 'Curabitur gravida nisi at nibh.', 'Fusce consequat. Nulla nisl. Nunc nisl.', null, 'tester1', 'tester1', '2023-01-25 13:45:16', '2024-01-30 16:34:20');
insert into article (user_id, title, content, hashtag, created_by, modified_by, created_at, modified_at) values ('tester2', 'Pellentesque eget nunc.', 'Quisque id justo sit amet sapien dignissim vestibulum. Vestibulum ante ipsum primis in faucibus orci luctus et ultrices posuere cubilia Curae; Nulla dapibus dolor vel est. Donec odio justo, sollicitudin ut, suscipit a, feugiat et, eros.', '#Teal', 'tester2', 'tester2', '2023-04-18 03:52:37', '2024-02-26 05:27:16');
insert into article (user_id, title, content, hashtag, created_by, modified_by, created_at, modified_at) values ('tester1', 'Aliquam quis turpis eget elit sodales scelerisque.', 'Sed ante. Vivamus tortor. Duis mattis egestas metus.', '#Mauv', 'tester1', 'tester1', '2023-01-22 10:26:29', '2023-12-14 04:05:51');
insert into article (user_id, title, content, hashtag, created_by, modified_by, created_at, modified_at) values ('tester1', 'Duis consequat dui nec nisi volutpat eleifend.', 'Suspendisse potenti. In eleifend quam a odio. In hac habitasse platea dictumst.', null, 'tester1', 'tester1', '2023-01-07 19:04:39', '2024-06-06 14:51:59');
insert into article (user_id, title, content, hashtag, created_by, modified_by, created_at, modified_at) values ('tester2', 'Pellentesque eget nunc.', 'In sagittis dui vel nisl. Duis ac nibh. Fusce lacus purus, aliquet at, feugiat non, pretium quis, lectus.', '#Indigo', 'tester2', 'tester2', '2023-05-13 03:04:57', '2024-07-26 13:49:11');
insert into article (user_id, title, content, hashtag, created_by, modified_by, created_at, modified_at) values ('tester2', 'Vestibulum ante ipsum primis in faucibus orci luctus et ultrices posuere cubilia Curae; Mauris viverra diam vitae quam.', 'Curabitur in libero ut massa volutpat convallis. Morbi odio odio, elementum eu, interdum eu, tincidunt in, leo. Maecenas pulvinar lobortis est.', '#Indigo', 'tester2', 'tester2', '2023-07-08 13:30:27', '2024-09-04 06:21:09');
insert into article (user_id, title, content, hashtag, created_by, modified_by, created_at, modified_at) values ('tester2', 'Proin leo odio, porttitor id, consequat in, consequat ut, nulla.', 'Maecenas ut massa quis augue luctus tincidunt. Nulla mollis molestie lorem. Quisque ut erat.', '#Red', 'tester2', 'tester2', '2023-09-22 20:43:22', '2024-06-25 05:46:54');
insert into article (user_id, title, content, hashtag, created_by, modified_by, created_at, modified_at) values ('tester1', 'Nullam porttitor lacus at turpis.', 'Aenean fermentum. Donec ut mauris eget massa tempor convallis. Nulla neque libero, convallis eget, eleifend luctus, ultricies eu, nibh.', '#Crimson', 'tester1', 'tester1', '2022-12-07 09:04:19', '2024-08-26 03:41:07');
insert into article (user_id, title, content, hashtag, created_by, modified_by, created_at, modified_at) values ('tester2', 'Morbi odio odio, elementum eu, interdum eu, tincidunt in, leo.', 'Integer tincidunt ante vel ipsum. Praesent blandit lacinia erat. Vestibulum sed magna at nunc commodo placerat.', '#Puce', 'tester2', 'tester2', '2022-11-16 13:42:03', '2024-09-01 09:47:48');
insert into article (user_id, title, content, hashtag, created_by, modified_by, created_at, modified_at) values ('tester1', 'Cras pellentesque volutpat dui.', 'Duis bibendum, felis sed interdum venenatis, turpis enim blandit mi, in porttitor pede justo eu massa. Donec dapibus. Duis at velit eu est congue elementum.', '#Turquoise', 'tester1', 'tester1', '2023-05-05 12:04:53', '2024-08-21 05:34:55');
insert into article (user_id, title, content, hashtag, created_by, modified_by, created_at, modified_at) values ('tester1', 'Suspendisse potenti.', 'Integer tincidunt ante vel ipsum. Praesent blandit lacinia erat. Vestibulum sed magna at nunc commodo placerat.', null, 'tester1', 'tester1', '2023-08-03 05:42:34', '2024-03-26 09:55:24');
insert into article (user_id, title, content, hashtag, created_by, modified_by, created_at, modified_at) values ('tester1', 'Duis bibendum, felis sed interdum venenatis, turpis enim blandit mi, in porttitor pede justo eu massa.', 'Curabitur in libero ut massa volutpat convallis. Morbi odio odio, elementum eu, interdum eu, tincidunt in, leo. Maecenas pulvinar lobortis est.', null, 'tester1', 'tester1', '2023-06-08 10:55:04', '2024-08-16 06:29:19');
insert into article (user_id, title, content, hashtag, created_by, modified_by, created_at, modified_at) values ('tester2', 'Cras mi pede, malesuada in, imperdiet et, commodo vulputate, justo.', 'Duis aliquam convallis nunc. Proin at turpis a pede posuere nonummy. Integer non velit.', '#Khaki', 'tester2', 'tester2', '2023-02-14 14:56:01', '2024-07-25 09:57:30');
insert into article (user_id, title, content, hashtag, created_by, modified_by, created_at, modified_at) values ('tester1', 'Nulla justo.', 'Curabitur gravida nisi at nibh. In hac habitasse platea dictumst. Aliquam augue quam, sollicitudin vitae, consectetuer eget, rutrum at, lorem.', '#Indigo', 'tester1', 'tester1', '2023-02-14 07:17:26', '2024-06-21 11:30:00');
insert into article (user_id, title, content, hashtag, created_by, modified_by, created_at, modified_at) values ('tester1', 'In hac habitasse platea dictumst.', 'Nam ultrices, libero non mattis pulvinar, nulla pede ullamcorper augue, a suscipit nulla elit ac nulla. Sed vel enim sit amet nunc viverra dapibus. Nulla suscipit ligula in lacus.', '#Orange', 'tester1', 'tester1', '2023-01-07 18:41:01', '2024-02-13 05:16:26');
insert into article (user_id, title, content, hashtag, created_by, modified_by, created_at, modified_at) values ('tester2', 'Aenean auctor gravida sem.', 'Maecenas ut massa quis augue luctus tincidunt. Nulla mollis molestie lorem. Quisque ut erat.', '#Red', 'tester2', 'tester2', '2023-08-28 17:23:16', '2024-07-17 07:28:13');
insert into article (user_id, title, content, hashtag, created_by, modified_by, created_at, modified_at) values ('tester2', 'Suspendisse potenti.', 'Donec diam neque, vestibulum eget, vulputate ut, ultrices vel, augue. Vestibulum ante ipsum primis in faucibus orci luctus et ultrices posuere cubilia Curae; Donec pharetra, magna vestibulum aliquet ultrices, erat tortor sollicitudin mi, sit amet lobortis sapien sapien non mi. Integer ac neque.', '#Goldenrod', 'tester2', 'tester2', '2023-09-19 15:18:18', '2024-06-12 21:49:48');
insert into article (user_id, title, content, hashtag, created_by, modified_by, created_at, modified_at) values ('tester1', 'Nulla nisl.', 'Praesent id massa id nisl venenatis lacinia. Aenean sit amet justo. Morbi ut odio.', '#Fuscia', 'tester1', 'tester1', '2023-05-18 12:04:36', '2024-04-25 10:16:41');
insert into article (user_id, title, content, hashtag, created_by, modified_by, created_at, modified_at) values ('tester2', 'Mauris lacinia sapien quis libero.', 'Quisque porta volutpat erat. Quisque erat eros, viverra eget, congue eget, semper rutrum, nulla. Nunc purus.', null, 'tester2', 'tester2', '2023-09-24 04:42:40', '2023-11-20 08:26:10');
insert into article (user_id, title, content, hashtag, created_by, modified_by, created_at, modified_at) values ('tester2', 'Morbi porttitor lorem id ligula.', 'Curabitur in libero ut massa volutpat convallis. Morbi odio odio, elementum eu, interdum eu, tincidunt in, leo. Maecenas pulvinar lobortis est.', '#Crimson', 'tester2', 'tester2', '2023-03-09 14:32:29', '2024-06-29 04:09:36');
insert into article (user_id, title, content, hashtag, created_by, modified_by, created_at, modified_at) values ('tester2', 'Duis consequat dui nec nisi volutpat eleifend.', 'Curabitur in libero ut massa volutpat convallis. Morbi odio odio, elementum eu, interdum eu, tincidunt in, leo. Maecenas pulvinar lobortis est.', '#Teal', 'tester2', 'tester2', '2023-09-12 07:37:27', '2023-11-29 07:53:58');
insert into article (user_id, title, content, hashtag, created_by, modified_by, created_at, modified_at) values ('tester2', 'Praesent blandit.', 'Curabitur in libero ut massa volutpat convallis. Morbi odio odio, elementum eu, interdum eu, tincidunt in, leo. Maecenas pulvinar lobortis est.', '#Blue', 'tester2', 'tester2', '2023-06-30 09:45:43', '2024-07-27 08:12:45');
insert into article (user_id, title, content, hashtag, created_by, modified_by, created_at, modified_at) values ('tester1', 'Aliquam sit amet diam in magna bibendum imperdiet.', 'Quisque id justo sit amet sapien dignissim vestibulum. Vestibulum ante ipsum primis in faucibus orci luctus et ultrices posuere cubilia Curae; Nulla dapibus dolor vel est. Donec odio justo, sollicitudin ut, suscipit a, feugiat et, eros.', '#Puce', 'tester1', 'tester1', '2023-09-01 12:39:09', '2024-04-26 22:39:49');
insert into article (user_id, title, content, hashtag, created_by, modified_by, created_at, modified_at) values ('tester1', 'Ut at dolor quis odio consequat varius.', 'Morbi porttitor lorem id ligula. Suspendisse ornare consequat lectus. In est risus, auctor sed, tristique in, tempus sit amet, sem.', '#Mauv', 'tester1', 'tester1', '2022-12-03 04:26:25', '2023-12-02 10:34:10');
insert into article (user_id, title, content, hashtag, created_by, modified_by, created_at, modified_at) values ('tester2', 'In hac habitasse platea dictumst.', 'Integer ac leo. Pellentesque ultrices mattis odio. Donec vitae nisi.', '#Indigo', 'tester2', 'tester2', '2023-06-19 16:13:54', '2024-04-12 03:47:54');
insert into article (user_id, title, content, hashtag, created_by, modified_by, created_at, modified_at) values ('tester2', 'Nam ultrices, libero non mattis pulvinar, nulla pede ullamcorper augue, a suscipit nulla elit ac nulla.', 'Curabitur gravida nisi at nibh. In hac habitasse platea dictumst. Aliquam augue quam, sollicitudin vitae, consectetuer eget, rutrum at, lorem.', '#Purple', 'tester2', 'tester2', '2023-05-14 01:04:31', '2023-12-01 04:31:37');
insert into article (user_id, title, content, hashtag, created_by, modified_by, created_at, modified_at) values ('tester1', 'Aliquam erat volutpat.', 'Duis aliquam convallis nunc. Proin at turpis a pede posuere nonummy. Integer non velit.', '#Turquoise', 'tester1', 'tester1', '2023-06-01 22:38:44', '2023-11-19 22:16:18');
insert into article (user_id, title, content, hashtag, created_by, modified_by, created_at, modified_at) values ('tester2', 'Pellentesque viverra pede ac diam.', 'In congue. Etiam justo. Etiam pretium iaculis justo.', null, 'tester2', 'tester2', '2023-01-08 07:18:54', '2024-03-04 06:00:41');
insert into article (user_id, title, content, hashtag, created_by, modified_by, created_at, modified_at) values ('tester2', 'Morbi vestibulum, velit id pretium iaculis, diam erat fermentum justo, nec condimentum neque sapien placerat ante.', 'Proin eu mi. Nulla ac enim. In tempor, turpis nec euismod scelerisque, quam turpis adipiscing lorem, vitae mattis nibh ligula nec sem.', '#Aquamarine', 'tester2', 'tester2', '2023-07-18 07:17:01', '2024-03-16 23:27:46');
insert into article (user_id, title, content, hashtag, created_by, modified_by, created_at, modified_at) values ('tester2', 'Duis aliquam convallis nunc.', 'In congue. Etiam justo. Etiam pretium iaculis justo.', '#Purple', 'tester2', 'tester2', '2023-04-13 15:40:54', '2024-01-27 23:08:26');
insert into article (user_id, title, content, hashtag, created_by, modified_by, created_at, modified_at) values ('tester1', 'Pellentesque eget nunc.', 'Nam ultrices, libero non mattis pulvinar, nulla pede ullamcorper augue, a suscipit nulla elit ac nulla. Sed vel enim sit amet nunc viverra dapibus. Nulla suscipit ligula in lacus.', '#Blue', 'tester1', 'tester1', '2023-03-11 05:35:34', '2024-08-11 09:47:16');
insert into article (user_id, title, content, hashtag, created_by, modified_by, created_at, modified_at) values ('tester1', 'Cras non velit nec nisi vulputate nonummy.', 'Lorem ipsum dolor sit amet, consectetuer adipiscing elit. Proin risus. Praesent lectus.', '#Indigo', 'tester1', 'tester1', '2023-06-17 19:15:40', '2024-09-12 01:05:41');
insert into article (user_id, title, content, hashtag, created_by, modified_by, created_at, modified_at) values ('tester1', 'Aliquam erat volutpat.', 'Suspendisse potenti. In eleifend quam a odio. In hac habitasse platea dictumst.', '#Indigo', 'tester1', 'tester1', '2023-09-28 01:46:43', '2024-01-01 02:25:53');
insert into article (user_id, title, content, hashtag, created_by, modified_by, created_at, modified_at) values ('tester2', 'Etiam vel augue.', 'Phasellus sit amet erat. Nulla tempus. Vivamus in felis eu sapien cursus vestibulum.', '#Red', 'tester2', 'tester2', '2023-01-10 08:08:16', '2024-03-01 22:55:51');
insert into article (user_id, title, content, hashtag, created_by, modified_by, created_at, modified_at) values ('tester1', 'Integer ac leo.', 'Morbi non lectus. Aliquam sit amet diam in magna bibendum imperdiet. Nullam orci pede, venenatis non, sodales sed, tincidunt eu, felis.', '#Crimson', 'tester1', 'tester1', '2023-05-09 09:21:52', '2024-06-19 02:30:30');
insert into article (user_id, title, content, hashtag, created_by, modified_by, created_at, modified_at) values ('tester1', 'Nam congue, risus semper porta volutpat, quam pede lobortis ligula, sit amet eleifend pede libero quis orci.', 'Donec diam neque, vestibulum eget, vulputate ut, ultrices vel, augue. Vestibulum ante ipsum primis in faucibus orci luctus et ultrices posuere cubilia Curae; Donec pharetra, magna vestibulum aliquet ultrices, erat tortor sollicitudin mi, sit amet lobortis sapien sapien non mi. Integer ac neque.', null, 'tester1', 'tester1', '2023-07-03 03:10:43', '2024-05-29 08:05:11');
insert into article (user_id, title, content, hashtag, created_by, modified_by, created_at, modified_at) values ('tester2', 'Pellentesque at nulla.', 'In hac habitasse platea dictumst. Morbi vestibulum, velit id pretium iaculis, diam erat fermentum justo, nec condimentum neque sapien placerat ante. Nulla justo.', null, 'tester2', 'tester2', '2023-03-27 02:22:17', '2024-09-10 05:57:17');
insert into article (user_id, title, content, hashtag, created_by, modified_by, created_at, modified_at) values ('tester2', 'Vivamus tortor.', 'Proin eu mi. Nulla ac enim. In tempor, turpis nec euismod scelerisque, quam turpis adipiscing lorem, vitae mattis nibh ligula nec sem.', '#Orange', 'tester2', 'tester2', '2023-09-16 12:20:31', '2024-03-19 20:42:55');
insert into article (user_id, title, content, hashtag, created_by, modified_by, created_at, modified_at) values ('tester2', 'Vestibulum ante ipsum primis in faucibus orci luctus et ultrices posuere cubilia Curae; Nulla dapibus dolor vel est.', 'Nulla ut erat id mauris vulputate elementum. Nullam varius. Nulla facilisi.', null, 'tester2', 'tester2', '2023-04-06 05:47:29', '2024-07-06 15:21:54');
insert into article (user_id, title, content, hashtag, created_by, modified_by, created_at, modified_at) values ('tester2', 'Nam congue, risus semper porta volutpat, quam pede lobortis ligula, sit amet eleifend pede libero quis orci.', 'Aliquam quis turpis eget elit sodales scelerisque. Mauris sit amet eros. Suspendisse accumsan tortor quis turpis.', null, 'tester2', 'tester2', '2023-05-11 12:56:52', '2024-08-09 02:54:37');
insert into article (user_id, title, content, hashtag, created_by, modified_by, created_at, modified_at) values ('tester2', 'Integer tincidunt ante vel ipsum.', 'Cras non velit nec nisi vulputate nonummy. Maecenas tincidunt lacus at velit. Vivamus vel nulla eget eros elementum pellentesque.', '#Aquamarine', 'tester2', 'tester2', '2023-01-19 05:30:29', '2023-10-31 10:25:18');
insert into article (user_id, title, content, hashtag, created_by, modified_by, created_at, modified_at) values ('tester1', 'Sed vel enim sit amet nunc viverra dapibus.', 'Aliquam quis turpis eget elit sodales scelerisque. Mauris sit amet eros. Suspendisse accumsan tortor quis turpis.', '#Indigo', 'tester1', 'tester1', '2023-02-24 10:47:38', '2023-11-21 11:07:58');
insert into article (user_id, title, content, hashtag, created_by, modified_by, created_at, modified_at) values ('tester1', 'Sed vel enim sit amet nunc viverra dapibus.', 'Cras non velit nec nisi vulputate nonummy. Maecenas tincidunt lacus at velit. Vivamus vel nulla eget eros elementum pellentesque.', '#Mauv', 'tester1', 'tester1', '2023-08-31 13:34:48', '2024-06-01 17:51:03');
insert into article (user_id, title, content, hashtag, created_by, modified_by, created_at, modified_at) values ('tester2', 'Suspendisse accumsan tortor quis turpis.', 'In quis justo. Maecenas rhoncus aliquam lacus. Morbi quis tortor id nulla ultrices aliquet.', '#Khaki', 'tester2', 'tester2', '2023-04-06 09:22:06', '2024-05-26 07:21:13');
insert into article (user_id, title, content, hashtag, created_by, modified_by, created_at, modified_at) values ('tester1', 'In hac habitasse platea dictumst.', 'Nullam sit amet turpis elementum ligula vehicula consequat. Morbi a ipsum. Integer a nibh.', '#Puce', 'tester1', 'tester1', '2023-02-01 14:22:53', '2023-12-12 06:01:55');
insert into article (user_id, title, content, hashtag, created_by, modified_by, created_at, modified_at) values ('tester2', 'Curabitur convallis.', 'Maecenas tristique, est et tempus semper, est quam pharetra magna, ac consequat metus sapien ut nunc. Vestibulum ante ipsum primis in faucibus orci luctus et ultrices posuere cubilia Curae; Mauris viverra diam vitae quam. Suspendisse potenti.', '#Red', 'tester2', 'tester2', '2023-08-14 12:24:19', '2023-11-27 14:29:16');
insert into article (user_id, title, content, hashtag, created_by, modified_by, created_at, modified_at) values ('tester2', 'Vestibulum ante ipsum primis in faucibus orci luctus et ultrices posuere cubilia Curae; Donec pharetra, magna vestibulum aliquet ultrices, erat tortor sollicitudin mi, sit amet lobortis sapien sapien non mi.', 'In congue. Etiam justo. Etiam pretium iaculis justo.', '#Teal', 'tester2', 'tester2', '2023-09-02 10:21:32', '2024-09-06 08:09:06');
insert into article (user_id, title, content, hashtag, created_by, modified_by, created_at, modified_at) values ('tester1', 'Cras mi pede, malesuada in, imperdiet et, commodo vulputate, justo.', 'Curabitur gravida nisi at nibh. In hac habitasse platea dictumst. Aliquam augue quam, sollicitudin vitae, consectetuer eget, rutrum at, lorem.', '#Indigo', 'tester1', 'tester1', '2023-07-18 09:23:44', '2024-02-02 07:08:10');
insert into article (user_id, title, content, hashtag, created_by, modified_by, created_at, modified_at) values ('tester2', 'Donec odio justo, sollicitudin ut, suscipit a, feugiat et, eros.', 'Praesent id massa id nisl venenatis lacinia. Aenean sit amet justo. Morbi ut odio.', null, 'tester2', 'tester2', '2023-02-07 18:52:48', '2023-11-23 09:33:27');
insert into article (user_id, title, content, hashtag, created_by, modified_by, created_at, modified_at) values ('tester1', 'Curabitur convallis.', 'Cras mi pede, malesuada in, imperdiet et, commodo vulputate, justo. In blandit ultrices enim. Lorem ipsum dolor sit amet, consectetuer adipiscing elit.', '#Crimson', 'tester1', 'tester1', '2023-06-19 06:54:21', '2024-08-15 21:51:59');
insert into article (user_id, title, content, hashtag, created_by, modified_by, created_at, modified_at) values ('tester2', 'Nam ultrices, libero non mattis pulvinar, nulla pede ullamcorper augue, a suscipit nulla elit ac nulla.', 'Donec diam neque, vestibulum eget, vulputate ut, ultrices vel, augue. Vestibulum ante ipsum primis in faucibus orci luctus et ultrices posuere cubilia Curae; Donec pharetra, magna vestibulum aliquet ultrices, erat tortor sollicitudin mi, sit amet lobortis sapien sapien non mi. Integer ac neque.', '#Maroon', 'tester2', 'tester2', '2023-01-24 13:37:13', '2024-09-28 00:31:42');
insert into article (user_id, title, content, hashtag, created_by, modified_by, created_at, modified_at) values ('tester2', 'Suspendisse ornare consequat lectus.', 'Quisque id justo sit amet sapien dignissim vestibulum. Vestibulum ante ipsum primis in faucibus orci luctus et ultrices posuere cubilia Curae; Nulla dapibus dolor vel est. Donec odio justo, sollicitudin ut, suscipit a, feugiat et, eros.', '#Khaki', 'tester2', 'tester2', '2023-02-08 00:05:11', '2024-07-27 03:07:54');
insert into article (user_id, title, content, hashtag, created_by, modified_by, created_at, modified_at) values ('tester2', 'Donec posuere metus vitae ipsum.', 'Cum sociis natoque penatibus et magnis dis parturient montes, nascetur ridiculus mus. Vivamus vestibulum sagittis sapien. Cum sociis natoque penatibus et magnis dis parturient montes, nascetur ridiculus mus.', '#Blue', 'tester2', 'tester2', '2023-04-17 16:32:24', '2024-08-18 06:06:38');
insert into article (user_id, title, content, hashtag, created_by, modified_by, created_at, modified_at) values ('tester2', 'Suspendisse potenti.', 'Duis aliquam convallis nunc. Proin at turpis a pede posuere nonummy. Integer non velit.', null, 'tester2', 'tester2', '2023-02-14 12:42:25', '2023-11-25 22:30:21');
insert into article (user_id, title, content, hashtag, created_by, modified_by, created_at, modified_at) values ('tester2', 'Aliquam erat volutpat.', 'Quisque porta volutpat erat. Quisque erat eros, viverra eget, congue eget, semper rutrum, nulla. Nunc purus.', '#Mauv', 'tester2', 'tester2', '2023-05-01 11:16:17', '2024-08-06 11:11:36');
insert into article (user_id, title, content, hashtag, created_by, modified_by, created_at, modified_at) values ('tester2', 'Nunc rhoncus dui vel sem.', 'Integer tincidunt ante vel ipsum. Praesent blandit lacinia erat. Vestibulum sed magna at nunc commodo placerat.', '#Indigo', 'tester2', 'tester2', '2023-06-23 03:20:54', '2024-07-01 02:54:08');
insert into article (user_id, title, content, hashtag, created_by, modified_by, created_at, modified_at) values ('tester2', 'Sed vel enim sit amet nunc viverra dapibus.', 'Phasellus in felis. Donec semper sapien a libero. Nam dui.', '#Mauv', 'tester2', 'tester2', '2022-12-10 03:30:19', '2024-02-06 12:22:44');
insert into article (user_id, title, content, hashtag, created_by, modified_by, created_at, modified_at) values ('tester2', 'Proin at turpis a pede posuere nonummy.', 'Curabitur in libero ut massa volutpat convallis. Morbi odio odio, elementum eu, interdum eu, tincidunt in, leo. Maecenas pulvinar lobortis est.', null, 'tester2', 'tester2', '2022-11-11 05:43:50', '2023-11-14 21:00:31');
insert into article (user_id, title, content, hashtag, created_by, modified_by, created_at, modified_at) values ('tester2', 'Sed sagittis.', 'Cum sociis natoque penatibus et magnis dis parturient montes, nascetur ridiculus mus. Vivamus vestibulum sagittis sapien. Cum sociis natoque penatibus et magnis dis parturient montes, nascetur ridiculus mus.', '#Green', 'tester2', 'tester2', '2023-07-22 11:42:53', '2024-02-01 07:50:50');
insert into article (user_id, title, content, hashtag, created_by, modified_by, created_at, modified_at) values ('tester2', 'Vestibulum ante ipsum primis in faucibus orci luctus et ultrices posuere cubilia Curae; Donec pharetra, magna vestibulum aliquet ultrices, erat tortor sollicitudin mi, sit amet lobortis sapien sapien non mi.', 'In congue. Etiam justo. Etiam pretium iaculis justo.', '#Blue', 'tester2', 'tester2', '2022-12-02 15:35:32', '2024-03-07 13:49:23');
insert into article (user_id, title, content, hashtag, created_by, modified_by, created_at, modified_at) values ('tester2', 'Praesent lectus.', 'Aenean lectus. Pellentesque eget nunc. Donec quis orci eget orci vehicula condimentum.', '#Fuscia', 'tester2', 'tester2', '2023-10-10 06:10:47', '2024-06-24 04:15:29');
insert into article (user_id, title, content, hashtag, created_by, modified_by, created_at, modified_at) values ('tester2', 'Aliquam erat volutpat.', 'Praesent id massa id nisl venenatis lacinia. Aenean sit amet justo. Morbi ut odio.', null, 'tester2', 'tester2', '2023-03-13 07:01:17', '2024-05-22 15:07:32');
insert into article (user_id, title, content, hashtag, created_by, modified_by, created_at, modified_at) values ('tester2', 'Fusce consequat.', 'Mauris enim leo, rhoncus sed, vestibulum sit amet, cursus id, turpis. Integer aliquet, massa id lobortis convallis, tortor risus dapibus augue, vel accumsan tellus nisi eu orci. Mauris lacinia sapien quis libero.', null, 'tester2', 'tester2', '2023-05-17 17:03:48', '2024-04-25 15:07:38');
insert into article (user_id, title, content, hashtag, created_by, modified_by, created_at, modified_at) values ('tester1', 'Lorem ipsum dolor sit amet, consectetuer adipiscing elit.', 'Aenean lectus. Pellentesque eget nunc. Donec quis orci eget orci vehicula condimentum.', '#Goldenrod', 'tester1', 'tester1', '2023-03-30 16:32:02', '2024-08-22 07:32:49');
insert into article (user_id, title, content, hashtag, created_by, modified_by, created_at, modified_at) values ('tester2', 'Pellentesque viverra pede ac diam.', 'In hac habitasse platea dictumst. Etiam faucibus cursus urna. Ut tellus.', '#Crimson', 'tester2', 'tester2', '2023-06-13 13:55:38', '2024-09-12 08:05:07');
insert into article (user_id, title, content, hashtag, created_by, modified_by, created_at, modified_at) values ('tester2', 'In tempor, turpis nec euismod scelerisque, quam turpis adipiscing lorem, vitae mattis nibh ligula nec sem.', 'Curabitur at ipsum ac tellus semper interdum. Mauris ullamcorper purus sit amet nulla. Quisque arcu libero, rutrum ac, lobortis vel, dapibus at, diam.', '#Yellow', 'tester2', 'tester2', '2023-01-08 02:30:44', '2024-04-01 16:41:01');
insert into article (user_id, title, content, hashtag, created_by, modified_by, created_at, modified_at) values ('tester1', 'Integer non velit.', 'Morbi non lectus. Aliquam sit amet diam in magna bibendum imperdiet. Nullam orci pede, venenatis non, sodales sed, tincidunt eu, felis.', '#Indigo', 'tester1', 'tester1', '2023-04-06 07:41:14', '2023-11-14 09:39:24');
insert into article (user_id, title, content, hashtag, created_by, modified_by, created_at, modified_at) values ('tester2', 'Fusce lacus purus, aliquet at, feugiat non, pretium quis, lectus.', 'Praesent blandit. Nam nulla. Integer pede justo, lacinia eget, tincidunt eget, tempus vel, pede.', '#Fuscia', 'tester2', 'tester2', '2023-05-05 16:29:53', '2024-01-28 18:11:37');
insert into article (user_id, title, content, hashtag, created_by, modified_by, created_at, modified_at) values ('tester1', 'Nunc rhoncus dui vel sem.', 'Curabitur gravida nisi at nibh. In hac habitasse platea dictumst. Aliquam augue quam, sollicitudin vitae, consectetuer eget, rutrum at, lorem.', '#Violet', 'tester1', 'tester1', '2023-03-09 10:23:23', '2023-12-24 23:41:08');
insert into article (user_id, title, content, hashtag, created_by, modified_by, created_at, modified_at) values ('tester2', 'Vestibulum ante ipsum primis in faucibus orci luctus et ultrices posuere cubilia Curae; Nulla dapibus dolor vel est.', 'Duis consequat dui nec nisi volutpat eleifend. Donec ut dolor. Morbi vel lectus in quam fringilla rhoncus.', '#Fuscia', 'tester2', 'tester2', '2023-01-28 11:09:03', '2024-02-11 08:58:50');
insert into article (user_id, title, content, hashtag, created_by, modified_by, created_at, modified_at) values ('tester2', 'Quisque porta volutpat erat.', 'Integer tincidunt ante vel ipsum. Praesent blandit lacinia erat. Vestibulum sed magna at nunc commodo placerat.', '#Khaki', 'tester2', 'tester2', '2023-05-02 22:05:01', '2024-03-27 22:19:55');
insert into article (user_id, title, content, hashtag, created_by, modified_by, created_at, modified_at) values ('tester1', 'Vivamus vestibulum sagittis sapien.', 'Aenean lectus. Pellentesque eget nunc. Donec quis orci eget orci vehicula condimentum.', '#Maroon', 'tester1', 'tester1', '2023-03-05 07:55:46', '2024-04-06 20:28:23');
insert into article (user_id, title, content, hashtag, created_by, modified_by, created_at, modified_at) values ('tester2', 'Maecenas leo odio, condimentum id, luctus nec, molestie sed, justo.', 'Proin interdum mauris non ligula pellentesque ultrices. Phasellus id sapien in sapien iaculis congue. Vivamus metus arcu, adipiscing molestie, hendrerit at, vulputate vitae, nisl.', '#Purple', 'tester2', 'tester2', '2023-03-05 09:02:43', '2024-03-08 13:21:20');
insert into article (user_id, title, content, hashtag, created_by, modified_by, created_at, modified_at) values ('tester1', 'Phasellus in felis.', 'Quisque porta volutpat erat. Quisque erat eros, viverra eget, congue eget, semper rutrum, nulla. Nunc purus.', '#Purple', 'tester1', 'tester1', '2023-04-25 02:18:23', '2023-12-21 23:52:41');
insert into article (user_id, title, content, hashtag, created_by, modified_by, created_at, modified_at) values ('tester2', 'Duis bibendum.', 'Curabitur gravida nisi at nibh. In hac habitasse platea dictumst. Aliquam augue quam, sollicitudin vitae, consectetuer eget, rutrum at, lorem.', '#Mauv', 'tester2', 'tester2', '2023-09-25 14:01:05', '2024-09-30 16:19:13');
insert into article (user_id, title, content, hashtag, created_by, modified_by, created_at, modified_at) values ('tester2', 'Sed ante.', 'Duis bibendum. Morbi non quam nec dui luctus rutrum. Nulla tellus.', '#Red', 'tester2', 'tester2', '2022-11-22 22:10:48', '2024-05-17 06:08:58');
insert into article (user_id, title, content, hashtag, created_by, modified_by, created_at, modified_at) values ('tester2', 'Sed sagittis.', 'Morbi non lectus. Aliquam sit amet diam in magna bibendum imperdiet. Nullam orci pede, venenatis non, sodales sed, tincidunt eu, felis.', '#Goldenrod', 'tester2', 'tester2', '2023-09-13 09:58:52', '2024-04-22 22:14:32');
insert into article (user_id, title, content, hashtag, created_by, modified_by, created_at, modified_at) values ('tester1', 'Suspendisse accumsan tortor quis turpis.', 'Proin eu mi. Nulla ac enim. In tempor, turpis nec euismod scelerisque, quam turpis adipiscing lorem, vitae mattis nibh ligula nec sem.', '#Goldenrod', 'tester1', 'tester1', '2023-05-10 13:49:48', '2024-02-09 07:43:09');
insert into article (user_id, title, content, hashtag, created_by, modified_by, created_at, modified_at) values ('tester1', 'Vestibulum ante ipsum primis in faucibus orci luctus et ultrices posuere cubilia Curae; Duis faucibus accumsan odio.', 'Suspendisse potenti. In eleifend quam a odio. In hac habitasse platea dictumst.', '#Crimson', 'tester1', 'tester1', '2022-12-27 11:14:26', '2024-02-22 20:53:10');
insert into article (user_id, title, content, hashtag, created_by, modified_by, created_at, modified_at) values ('tester1', 'Vivamus metus arcu, adipiscing molestie, hendrerit at, vulputate vitae, nisl.', 'Praesent id massa id nisl venenatis lacinia. Aenean sit amet justo. Morbi ut odio.', '#Violet', 'tester1', 'tester1', '2023-01-19 19:02:16', '2023-10-23 14:42:09');
insert into article (user_id, title, content, hashtag, created_by, modified_by, created_at, modified_at) values ('tester2', 'Lorem ipsum dolor sit amet, consectetuer adipiscing elit.', 'Proin leo odio, porttitor id, consequat in, consequat ut, nulla. Sed accumsan felis. Ut at dolor quis odio consequat varius.', '#Aquamarine', 'tester2', 'tester2', '2023-07-26 00:57:47', '2024-10-05 10:00:30');
insert into article (user_id, title, content, hashtag, created_by, modified_by, created_at, modified_at) values ('tester2', 'Ut at dolor quis odio consequat varius.', 'Vestibulum ac est lacinia nisi venenatis tristique. Fusce congue, diam id ornare imperdiet, sapien urna pretium nisl, ut volutpat sapien arcu sed augue. Aliquam erat volutpat.', null, 'tester2', 'tester2', '2023-08-13 20:56:15', '2023-12-27 06:25:27');
insert into article (user_id, title, content, hashtag, created_by, modified_by, created_at, modified_at) values ('tester1', 'Donec posuere metus vitae ipsum.', 'Proin interdum mauris non ligula pellentesque ultrices. Phasellus id sapien in sapien iaculis congue. Vivamus metus arcu, adipiscing molestie, hendrerit at, vulputate vitae, nisl.', '#Goldenrod', 'tester1', 'tester1', '2023-01-02 16:30:42', '2024-04-07 18:18:31');
insert into article (user_id, title, content, hashtag, created_by, modified_by, created_at, modified_at) values ('tester2', 'Integer a nibh.', 'Integer tincidunt ante vel ipsum. Praesent blandit lacinia erat. Vestibulum sed magna at nunc commodo placerat.', '#Yellow', 'tester2', 'tester2', '2023-02-25 08:25:44', '2024-06-10 23:38:18');
insert into article (user_id, title, content, hashtag, created_by, modified_by, created_at, modified_at) values ('tester1', 'Nulla tellus.', 'Donec diam neque, vestibulum eget, vulputate ut, ultrices vel, augue. Vestibulum ante ipsum primis in faucibus orci luctus et ultrices posuere cubilia Curae; Donec pharetra, magna vestibulum aliquet ultrices, erat tortor sollicitudin mi, sit amet lobortis sapien sapien non mi. Integer ac neque.', '#Maroon', 'tester1', 'tester1', '2022-12-14 19:07:25', '2024-08-19 18:01:46');
insert into article (user_id, title, content, hashtag, created_by, modified_by, created_at, modified_at) values ('tester2', 'Suspendisse potenti.', 'In hac habitasse platea dictumst. Morbi vestibulum, velit id pretium iaculis, diam erat fermentum justo, nec condimentum neque sapien placerat ante. Nulla justo.', '#Crimson', 'tester2', 'tester2', '2023-05-20 09:42:44', '2024-08-31 15:25:12');
insert into article (user_id, title, content, hashtag, created_by, modified_by, created_at, modified_at) values ('tester2', 'Mauris ullamcorper purus sit amet nulla.', 'Nullam sit amet turpis elementum ligula vehicula consequat. Morbi a ipsum. Integer a nibh.', null, 'tester2', 'tester2', '2023-02-01 05:27:58', '2024-02-22 05:14:19');
insert into article (user_id, title, content, hashtag, created_by, modified_by, created_at, modified_at) values ('tester2', 'Quisque arcu libero, rutrum ac, lobortis vel, dapibus at, diam.', 'Suspendisse potenti. In eleifend quam a odio. In hac habitasse platea dictumst.', '#Khaki', 'tester2', 'tester2', '2023-08-31 12:11:27', '2024-09-30 14:25:41');
insert into article (user_id, title, content, hashtag, created_by, modified_by, created_at, modified_at) values ('tester1', 'Nulla neque libero, convallis eget, eleifend luctus, ultricies eu, nibh.', 'Maecenas ut massa quis augue luctus tincidunt. Nulla mollis molestie lorem. Quisque ut erat.', null, 'tester1', 'tester1', '2023-04-24 04:48:32', '2024-01-19 16:11:20');
insert into article (user_id, title, content, hashtag, created_by, modified_by, created_at, modified_at) values ('tester2', 'Integer non velit.', 'Quisque porta volutpat erat. Quisque erat eros, viverra eget, congue eget, semper rutrum, nulla. Nunc purus.', '#Blue', 'tester2', 'tester2', '2023-09-13 19:34:56', '2024-02-10 11:51:35');
insert into article (user_id, title, content, hashtag, created_by, modified_by, created_at, modified_at) values ('tester2', 'In hac habitasse platea dictumst.', 'Pellentesque at nulla. Suspendisse potenti. Cras in purus eu magna vulputate luctus.', '#Pink', 'tester2', 'tester2', '2023-06-10 06:29:09', '2024-05-16 04:57:18');
insert into article (user_id, title, content, hashtag, created_by, modified_by, created_at, modified_at) values ('tester2', 'In tempor, turpis nec euismod scelerisque, quam turpis adipiscing lorem, vitae mattis nibh ligula nec sem.', 'Praesent id massa id nisl venenatis lacinia. Aenean sit amet justo. Morbi ut odio.', '#Yellow', 'tester2', 'tester2', '2022-12-05 06:33:24', '2023-11-25 06:34:56');
insert into article (user_id, title, content, hashtag, created_by, modified_by, created_at, modified_at) values ('tester1', 'Donec diam neque, vestibulum eget, vulputate ut, ultrices vel, augue.', 'Morbi non lectus. Aliquam sit amet diam in magna bibendum imperdiet. Nullam orci pede, venenatis non, sodales sed, tincidunt eu, felis.', '#Orange', 'tester1', 'tester1', '2023-04-15 21:53:02', '2024-09-11 14:07:23');
insert into article (user_id, title, content, hashtag, created_by, modified_by, created_at, modified_at) values ('tester1', 'Nulla neque libero, convallis eget, eleifend luctus, ultricies eu, nibh.', 'Proin interdum mauris non ligula pellentesque ultrices. Phasellus id sapien in sapien iaculis congue. Vivamus metus arcu, adipiscing molestie, hendrerit at, vulputate vitae, nisl.', '#Khaki', 'tester1', 'tester1', '2023-08-24 13:30:22', '2024-03-30 03:21:35');
insert into article (user_id, title, content, hashtag, created_by, modified_by, created_at, modified_at) values ('tester2', 'Vestibulum ante ipsum primis in faucibus orci luctus et ultrices posuere cubilia Curae; Donec pharetra, magna vestibulum aliquet ultrices, erat tortor sollicitudin mi, sit amet lobortis sapien sapien non mi.', 'Lorem ipsum dolor sit amet, consectetuer adipiscing elit. Proin risus. Praesent lectus.', '#Indigo', 'tester2', 'tester2', '2023-06-14 06:49:38', '2024-01-21 23:37:40');
insert into article (user_id, title, content, hashtag, created_by, modified_by, created_at, modified_at) values ('tester2', 'Pellentesque eget nunc.', 'Phasellus in felis. Donec semper sapien a libero. Nam dui.', '#Blue', 'tester2', 'tester2', '2023-09-30 21:38:31', '2024-10-07 15:34:21');
insert into article (user_id, title, content, hashtag, created_by, modified_by, created_at, modified_at) values ('tester2', 'Vestibulum ante ipsum primis in faucibus orci luctus et ultrices posuere cubilia Curae; Donec pharetra, magna vestibulum aliquet ultrices, erat tortor sollicitudin mi, sit amet lobortis sapien sapien non mi.', 'Phasellus sit amet erat. Nulla tempus. Vivamus in felis eu sapien cursus vestibulum.', '#Blue', 'tester2', 'tester2', '2023-05-06 08:41:36', '2024-08-24 17:13:44');
insert into article (user_id, title, content, hashtag, created_by, modified_by, created_at, modified_at) values ('tester2', 'Nam dui.', 'Curabitur in libero ut massa volutpat convallis. Morbi odio odio, elementum eu, interdum eu, tincidunt in, leo. Maecenas pulvinar lobortis est.', '#Mauv', 'tester2', 'tester2', '2023-06-21 16:56:01', '2023-12-23 00:44:07');
insert into article (user_id, title, content, hashtag, created_by, modified_by, created_at, modified_at) values ('tester2', 'In quis justo.', 'Mauris enim leo, rhoncus sed, vestibulum sit amet, cursus id, turpis. Integer aliquet, massa id lobortis convallis, tortor risus dapibus augue, vel accumsan tellus nisi eu orci. Mauris lacinia sapien quis libero.', null, 'tester2', 'tester2', '2023-09-06 20:27:59', '2024-06-12 00:18:46');
insert into article (user_id, title, content, hashtag, created_by, modified_by, created_at, modified_at) values ('tester2', 'Mauris enim leo, rhoncus sed, vestibulum sit amet, cursus id, turpis.', 'Duis bibendum, felis sed interdum venenatis, turpis enim blandit mi, in porttitor pede justo eu massa. Donec dapibus. Duis at velit eu est congue elementum.', '#Fuscia', 'tester2', 'tester2', '2023-01-13 18:30:54', '2024-02-09 03:54:52');
insert into article (user_id, title, content, hashtag, created_by, modified_by, created_at, modified_at) values ('tester2', 'Morbi quis tortor id nulla ultrices aliquet.', 'Proin leo odio, porttitor id, consequat in, consequat ut, nulla. Sed accumsan felis. Ut at dolor quis odio consequat varius.', '#Yellow', 'tester2', 'tester2', '2022-12-18 02:43:28', '2024-04-05 11:31:42');
insert into article (user_id, title, content, hashtag, created_by, modified_by, created_at, modified_at) values ('tester2', 'Mauris sit amet eros.', 'Duis consequat dui nec nisi volutpat eleifend. Donec ut dolor. Morbi vel lectus in quam fringilla rhoncus.', '#Fuscia', 'tester2', 'tester2', '2023-06-29 00:26:35', '2024-09-04 20:22:34');
insert into article (user_id, title, content, hashtag, created_by, modified_by, created_at, modified_at) values ('tester1', 'Pellentesque eget nunc.', 'Curabitur at ipsum ac tellus semper interdum. Mauris ullamcorper purus sit amet nulla. Quisque arcu libero, rutrum ac, lobortis vel, dapibus at, diam.', '#Crimson', 'tester1', 'tester1', '2022-11-09 23:01:46', '2024-04-18 11:04:07');
insert into article (user_id, title, content, hashtag, created_by, modified_by, created_at, modified_at) values ('tester1', 'Praesent blandit.', 'Praesent blandit. Nam nulla. Integer pede justo, lacinia eget, tincidunt eget, tempus vel, pede.', '#Pink', 'tester1', 'tester1', '2023-06-08 07:39:04', '2023-12-22 20:17:40');

-- 댓글 300개
insert into article_comment (article_id, user_id, content, created_by, modified_by, created_at, modified_at) values (47, 'tester1', 'Donec diam neque, vestibulum eget, vulputate ut, ultrices vel, augue. Vestibulum ante ipsum primis in faucibus orci luctus et ultrices posuere cubilia Curae; Donec pharetra, magna vestibulum aliquet ultrices, erat tortor sollicitudin mi, sit amet lobortis sapien sapien non mi. Integer ac neque.', 'tester1', 'tester1', '2023-09-09 18:57:39', '2024-03-17 01:01:37');
insert into article_comment (article_id, user_id, content, created_by, modified_by, created_at, modified_at) values (17, 'tester1', 'Proin interdum mauris non ligula pellentesque ultrices. Phasellus id sapien in sapien iaculis congue. Vivamus metus arcu, adipiscing molestie, hendrerit at, vulputate vitae, nisl.', 'tester1', 'tester1', '2022-11-24 23:10:17', '2023-11-19 15:20:21');
insert into article_comment (article_id, user_id, content, created_by, modified_by, created_at, modified_at) values (52, 'tester1', 'Nulla ut erat id mauris vulputate elementum. Nullam varius. Nulla facilisi.', 'tester1', 'tester1', '2023-08-19 02:08:39', '2024-04-08 02:41:19');
insert into article_comment (article_id, user_id, content, created_by, modified_by, created_at, modified_at) values (120, 'tester2', 'Curabitur gravida nisi at nibh. In hac habitasse platea dictumst. Aliquam augue quam, sollicitudin vitae, consectetuer eget, rutrum at, lorem.', 'tester2', 'tester2', '2022-12-31 15:03:33', '2024-07-29 04:06:37');
insert into article_comment (article_id, user_id, content, created_by, modified_by, created_at, modified_at) values (74, 'tester1', 'Praesent id massa id nisl venenatis lacinia. Aenean sit amet justo. Morbi ut odio.', 'tester1', 'tester1', '2023-08-27 11:58:35', '2023-12-21 00:49:08');
insert into article_comment (article_id, user_id, content, created_by, modified_by, created_at, modified_at) values (7, 'tester1', 'Curabitur gravida nisi at nibh. In hac habitasse platea dictumst. Aliquam augue quam, sollicitudin vitae, consectetuer eget, rutrum at, lorem.', 'tester1', 'tester1', '2023-10-04 17:22:33', '2024-01-13 17:07:52');
insert into article_comment (article_id, user_id, content, created_by, modified_by, created_at, modified_at) values (59, 'tester1', 'Cum sociis natoque penatibus et magnis dis parturient montes, nascetur ridiculus mus. Vivamus vestibulum sagittis sapien. Cum sociis natoque penatibus et magnis dis parturient montes, nascetur ridiculus mus.', 'tester1', 'tester1', '2023-04-20 21:39:53', '2024-01-13 15:53:09');
insert into article_comment (article_id, user_id, content, created_by, modified_by, created_at, modified_at) values (50, 'tester1', 'Duis bibendum. Morbi non quam nec dui luctus rutrum. Nulla tellus.', 'tester1', 'tester1', '2023-07-07 19:58:30', '2024-08-29 20:55:00');
insert into article_comment (article_id, user_id, content, created_by, modified_by, created_at, modified_at) values (7, 'tester1', 'Mauris enim leo, rhoncus sed, vestibulum sit amet, cursus id, turpis. Integer aliquet, massa id lobortis convallis, tortor risus dapibus augue, vel accumsan tellus nisi eu orci. Mauris lacinia sapien quis libero.', 'tester1', 'tester1', '2023-06-13 07:44:23', '2024-04-29 06:14:59');
insert into article_comment (article_id, user_id, content, created_by, modified_by, created_at, modified_at) values (33, 'tester1', 'Curabitur gravida nisi at nibh. In hac habitasse platea dictumst. Aliquam augue quam, sollicitudin vitae, consectetuer eget, rutrum at, lorem.', 'tester1', 'tester1', '2022-12-23 04:32:40', '2024-09-24 18:49:45');
insert into article_comment (article_id, user_id, content, created_by, modified_by, created_at, modified_at) values (81, 'tester1', 'Duis aliquam convallis nunc. Proin at turpis a pede posuere nonummy. Integer non velit.', 'tester1', 'tester1', '2022-12-13 06:15:53', '2024-05-14 12:49:37');
insert into article_comment (article_id, user_id, content, created_by, modified_by, created_at, modified_at) values (54, 'tester1', 'Etiam vel augue. Vestibulum rutrum rutrum neque. Aenean auctor gravida sem.', 'tester1', 'tester1', '2023-03-05 00:43:07', '2023-10-09 07:29:49');
insert into article_comment (article_id, user_id, content, created_by, modified_by, created_at, modified_at) values (23, 'tester1', 'Phasellus sit amet erat. Nulla tempus. Vivamus in felis eu sapien cursus vestibulum.', 'tester1', 'tester1', '2023-03-08 13:08:46', '2024-05-22 12:36:52');
insert into article_comment (article_id, user_id, content, created_by, modified_by, created_at, modified_at) values (65, 'tester1', 'In hac habitasse platea dictumst. Etiam faucibus cursus urna. Ut tellus.', 'tester1', 'tester1', '2023-07-20 11:53:46', '2024-06-18 21:20:36');
insert into article_comment (article_id, user_id, content, created_by, modified_by, created_at, modified_at) values (97, 'tester2', 'Morbi porttitor lorem id ligula. Suspendisse ornare consequat lectus. In est risus, auctor sed, tristique in, tempus sit amet, sem.', 'tester2', 'tester2', '2023-10-05 10:08:01', '2024-01-25 09:25:23');
insert into article_comment (article_id, user_id, content, created_by, modified_by, created_at, modified_at) values (27, 'tester2', 'Cras mi pede, malesuada in, imperdiet et, commodo vulputate, justo. In blandit ultrices enim. Lorem ipsum dolor sit amet, consectetuer adipiscing elit.', 'tester2', 'tester2', '2023-07-06 16:58:53', '2024-03-14 14:06:36');
insert into article_comment (article_id, user_id, content, created_by, modified_by, created_at, modified_at) values (108, 'tester1', 'Maecenas tristique, est et tempus semper, est quam pharetra magna, ac consequat metus sapien ut nunc. Vestibulum ante ipsum primis in faucibus orci luctus et ultrices posuere cubilia Curae; Mauris viverra diam vitae quam. Suspendisse potenti.', 'tester1', 'tester1', '2023-04-12 18:01:44', '2024-09-13 11:56:27');
insert into article_comment (article_id, user_id, content, created_by, modified_by, created_at, modified_at) values (77, 'tester1', 'Duis bibendum. Morbi non quam nec dui luctus rutrum. Nulla tellus.', 'tester1', 'tester1', '2023-04-20 18:40:09', '2024-07-16 12:14:20');
insert into article_comment (article_id, user_id, content, created_by, modified_by, created_at, modified_at) values (59, 'tester2', 'Quisque porta volutpat erat. Quisque erat eros, viverra eget, congue eget, semper rutrum, nulla. Nunc purus.', 'tester2', 'tester2', '2023-06-28 03:33:47', '2024-04-19 00:35:55');
insert into article_comment (article_id, user_id, content, created_by, modified_by, created_at, modified_at) values (115, 'tester2', 'Praesent blandit. Nam nulla. Integer pede justo, lacinia eget, tincidunt eget, tempus vel, pede.', 'tester2', 'tester2', '2023-03-09 11:33:44', '2024-05-02 14:32:39');
insert into article_comment (article_id, user_id, content, created_by, modified_by, created_at, modified_at) values (114, 'tester1', 'Aenean lectus. Pellentesque eget nunc. Donec quis orci eget orci vehicula condimentum.', 'tester1', 'tester1', '2022-12-23 04:12:17', '2023-12-02 10:10:08');
insert into article_comment (article_id, user_id, content, created_by, modified_by, created_at, modified_at) values (24, 'tester1', 'Morbi porttitor lorem id ligula. Suspendisse ornare consequat lectus. In est risus, auctor sed, tristique in, tempus sit amet, sem.', 'tester1', 'tester1', '2023-09-25 02:09:54', '2024-05-17 23:23:52');
insert into article_comment (article_id, user_id, content, created_by, modified_by, created_at, modified_at) values (115, 'tester2', 'Proin eu mi. Nulla ac enim. In tempor, turpis nec euismod scelerisque, quam turpis adipiscing lorem, vitae mattis nibh ligula nec sem.', 'tester2', 'tester2', '2023-06-10 19:21:24', '2024-01-05 22:16:16');
insert into article_comment (article_id, user_id, content, created_by, modified_by, created_at, modified_at) values (99, 'tester1', 'In hac habitasse platea dictumst. Morbi vestibulum, velit id pretium iaculis, diam erat fermentum justo, nec condimentum neque sapien placerat ante. Nulla justo.', 'tester1', 'tester1', '2023-01-18 23:00:01', '2023-10-14 15:22:40');
insert into article_comment (article_id, user_id, content, created_by, modified_by, created_at, modified_at) values (95, 'tester2', 'Nulla ut erat id mauris vulputate elementum. Nullam varius. Nulla facilisi.', 'tester2', 'tester2', '2023-02-26 14:27:30', '2024-05-02 21:04:04');
insert into article_comment (article_id, user_id, content, created_by, modified_by, created_at, modified_at) values (58, 'tester2', 'Etiam vel augue. Vestibulum rutrum rutrum neque. Aenean auctor gravida sem.', 'tester2', 'tester2', '2023-06-22 00:23:46', '2024-09-30 13:09:42');
insert into article_comment (article_id, user_id, content, created_by, modified_by, created_at, modified_at) values (57, 'tester2', 'Pellentesque at nulla. Suspendisse potenti. Cras in purus eu magna vulputate luctus.', 'tester2', 'tester2', '2023-07-20 20:15:44', '2024-03-25 19:08:43');
insert into article_comment (article_id, user_id, content, created_by, modified_by, created_at, modified_at) values (103, 'tester2', 'Sed sagittis. Nam congue, risus semper porta volutpat, quam pede lobortis ligula, sit amet eleifend pede libero quis orci. Nullam molestie nibh in lectus.', 'tester2', 'tester2', '2023-08-16 01:29:52', '2024-04-16 07:19:16');
insert into article_comment (article_id, user_id, content, created_by, modified_by, created_at, modified_at) values (59, 'tester1', 'In hac habitasse platea dictumst. Morbi vestibulum, velit id pretium iaculis, diam erat fermentum justo, nec condimentum neque sapien placerat ante. Nulla justo.', 'tester1', 'tester1', '2023-04-27 01:22:04', '2023-10-13 06:46:46');
insert into article_comment (article_id, user_id, content, created_by, modified_by, created_at, modified_at) values (101, 'tester2', 'In hac habitasse platea dictumst. Etiam faucibus cursus urna. Ut tellus.', 'tester2', 'tester2', '2023-03-14 11:54:35', '2023-10-15 00:40:11');
insert into article_comment (article_id, user_id, content, created_by, modified_by, created_at, modified_at) values (64, 'tester2', 'Vestibulum quam sapien, varius ut, blandit non, interdum in, ante. Vestibulum ante ipsum primis in faucibus orci luctus et ultrices posuere cubilia Curae; Duis faucibus accumsan odio. Curabitur convallis.', 'tester2', 'tester2', '2023-09-02 15:19:34', '2024-07-04 18:48:25');
insert into article_comment (article_id, user_id, content, created_by, modified_by, created_at, modified_at) values (37, 'tester1', 'Proin leo odio, porttitor id, consequat in, consequat ut, nulla. Sed accumsan felis. Ut at dolor quis odio consequat varius.', 'tester1', 'tester1', '2023-08-08 07:54:01', '2024-03-13 18:46:35');
insert into article_comment (article_id, user_id, content, created_by, modified_by, created_at, modified_at) values (30, 'tester1', 'Proin leo odio, porttitor id, consequat in, consequat ut, nulla. Sed accumsan felis. Ut at dolor quis odio consequat varius.', 'tester1', 'tester1', '2023-01-05 21:06:31', '2024-02-12 08:20:31');
insert into article_comment (article_id, user_id, content, created_by, modified_by, created_at, modified_at) values (48, 'tester2', 'Curabitur gravida nisi at nibh. In hac habitasse platea dictumst. Aliquam augue quam, sollicitudin vitae, consectetuer eget, rutrum at, lorem.', 'tester2', 'tester2', '2023-05-24 20:09:15', '2023-11-14 12:40:18');
insert into article_comment (article_id, user_id, content, created_by, modified_by, created_at, modified_at) values (85, 'tester2', 'Aenean fermentum. Donec ut mauris eget massa tempor convallis. Nulla neque libero, convallis eget, eleifend luctus, ultricies eu, nibh.', 'tester2', 'tester2', '2023-02-22 20:01:54', '2024-02-11 05:05:50');
insert into article_comment (article_id, user_id, content, created_by, modified_by, created_at, modified_at) values (10, 'tester1', 'Maecenas tristique, est et tempus semper, est quam pharetra magna, ac consequat metus sapien ut nunc. Vestibulum ante ipsum primis in faucibus orci luctus et ultrices posuere cubilia Curae; Mauris viverra diam vitae quam. Suspendisse potenti.', 'tester1', 'tester1', '2023-07-08 08:07:49', '2024-07-15 16:28:01');
insert into article_comment (article_id, user_id, content, created_by, modified_by, created_at, modified_at) values (10, 'tester2', 'Morbi non lectus. Aliquam sit amet diam in magna bibendum imperdiet. Nullam orci pede, venenatis non, sodales sed, tincidunt eu, felis.', 'tester2', 'tester2', '2023-03-10 20:28:55', '2023-10-30 07:35:32');
insert into article_comment (article_id, user_id, content, created_by, modified_by, created_at, modified_at) values (89, 'tester1', 'In quis justo. Maecenas rhoncus aliquam lacus. Morbi quis tortor id nulla ultrices aliquet.', 'tester1', 'tester1', '2023-07-06 00:44:14', '2024-04-16 00:50:48');
insert into article_comment (article_id, user_id, content, created_by, modified_by, created_at, modified_at) values (82, 'tester1', 'Nullam sit amet turpis elementum ligula vehicula consequat. Morbi a ipsum. Integer a nibh.', 'tester1', 'tester1', '2023-06-09 15:34:47', '2024-03-03 15:00:08');
insert into article_comment (article_id, user_id, content, created_by, modified_by, created_at, modified_at) values (88, 'tester1', 'Maecenas tristique, est et tempus semper, est quam pharetra magna, ac consequat metus sapien ut nunc. Vestibulum ante ipsum primis in faucibus orci luctus et ultrices posuere cubilia Curae; Mauris viverra diam vitae quam. Suspendisse potenti.', 'tester1', 'tester1', '2023-04-17 05:18:55', '2024-03-06 13:17:25');
insert into article_comment (article_id, user_id, content, created_by, modified_by, created_at, modified_at) values (78, 'tester1', 'Cras mi pede, malesuada in, imperdiet et, commodo vulputate, justo. In blandit ultrices enim. Lorem ipsum dolor sit amet, consectetuer adipiscing elit.', 'tester1', 'tester1', '2023-07-27 19:42:42', '2024-10-07 12:05:24');
insert into article_comment (article_id, user_id, content, created_by, modified_by, created_at, modified_at) values (39, 'tester1', 'Lorem ipsum dolor sit amet, consectetuer adipiscing elit. Proin risus. Praesent lectus.', 'tester1', 'tester1', '2023-08-08 04:05:24', '2024-05-24 00:20:23');
insert into article_comment (article_id, user_id, content, created_by, modified_by, created_at, modified_at) values (111, 'tester1', 'Donec diam neque, vestibulum eget, vulputate ut, ultrices vel, augue. Vestibulum ante ipsum primis in faucibus orci luctus et ultrices posuere cubilia Curae; Donec pharetra, magna vestibulum aliquet ultrices, erat tortor sollicitudin mi, sit amet lobortis sapien sapien non mi. Integer ac neque.', 'tester1', 'tester1', '2023-02-16 12:36:53', '2024-07-15 07:30:47');
insert into article_comment (article_id, user_id, content, created_by, modified_by, created_at, modified_at) values (29, 'tester1', 'Praesent blandit. Nam nulla. Integer pede justo, lacinia eget, tincidunt eget, tempus vel, pede.', 'tester1', 'tester1', '2022-11-20 23:08:50', '2024-02-24 00:41:44');
insert into article_comment (article_id, user_id, content, created_by, modified_by, created_at, modified_at) values (51, 'tester2', 'In sagittis dui vel nisl. Duis ac nibh. Fusce lacus purus, aliquet at, feugiat non, pretium quis, lectus.', 'tester2', 'tester2', '2023-07-10 13:06:47', '2023-10-09 18:04:13');
insert into article_comment (article_id, user_id, content, created_by, modified_by, created_at, modified_at) values (50, 'tester1', 'Nullam porttitor lacus at turpis. Donec posuere metus vitae ipsum. Aliquam non mauris.', 'tester1', 'tester1', '2023-04-05 02:52:26', '2024-02-22 13:43:45');
insert into article_comment (article_id, user_id, content, created_by, modified_by, created_at, modified_at) values (28, 'tester1', 'Duis aliquam convallis nunc. Proin at turpis a pede posuere nonummy. Integer non velit.', 'tester1', 'tester1', '2023-07-20 23:29:43', '2024-03-20 05:46:17');
insert into article_comment (article_id, user_id, content, created_by, modified_by, created_at, modified_at) values (19, 'tester2', 'Maecenas tristique, est et tempus semper, est quam pharetra magna, ac consequat metus sapien ut nunc. Vestibulum ante ipsum primis in faucibus orci luctus et ultrices posuere cubilia Curae; Mauris viverra diam vitae quam. Suspendisse potenti.', 'tester2', 'tester2', '2022-12-20 18:58:51', '2024-04-30 12:13:19');
insert into article_comment (article_id, user_id, content, created_by, modified_by, created_at, modified_at) values (30, 'tester2', 'Integer tincidunt ante vel ipsum. Praesent blandit lacinia erat. Vestibulum sed magna at nunc commodo placerat.', 'tester2', 'tester2', '2022-12-15 13:23:49', '2024-09-08 14:30:16');
insert into article_comment (article_id, user_id, content, created_by, modified_by, created_at, modified_at) values (81, 'tester1', 'Nam ultrices, libero non mattis pulvinar, nulla pede ullamcorper augue, a suscipit nulla elit ac nulla. Sed vel enim sit amet nunc viverra dapibus. Nulla suscipit ligula in lacus.', 'tester1', 'tester1', '2023-09-05 13:47:57', '2023-11-13 09:50:45');
insert into article_comment (article_id, user_id, content, created_by, modified_by, created_at, modified_at) values (66, 'tester2', 'Quisque id justo sit amet sapien dignissim vestibulum. Vestibulum ante ipsum primis in faucibus orci luctus et ultrices posuere cubilia Curae; Nulla dapibus dolor vel est. Donec odio justo, sollicitudin ut, suscipit a, feugiat et, eros.', 'tester2', 'tester2', '2023-04-22 15:34:33', '2024-04-14 16:22:33');
insert into article_comment (article_id, user_id, content, created_by, modified_by, created_at, modified_at) values (35, 'tester1', 'Maecenas tristique, est et tempus semper, est quam pharetra magna, ac consequat metus sapien ut nunc. Vestibulum ante ipsum primis in faucibus orci luctus et ultrices posuere cubilia Curae; Mauris viverra diam vitae quam. Suspendisse potenti.', 'tester1', 'tester1', '2022-12-02 13:29:58', '2023-10-26 23:26:26');
insert into article_comment (article_id, user_id, content, created_by, modified_by, created_at, modified_at) values (1, 'tester2', 'Nullam porttitor lacus at turpis. Donec posuere metus vitae ipsum. Aliquam non mauris.', 'tester2', 'tester2', '2023-06-22 13:59:18', '2024-08-07 08:15:30');
insert into article_comment (article_id, user_id, content, created_by, modified_by, created_at, modified_at) values (106, 'tester1', 'Integer ac leo. Pellentesque ultrices mattis odio. Donec vitae nisi.', 'tester1', 'tester1', '2023-03-31 17:55:33', '2024-08-23 17:40:44');
insert into article_comment (article_id, user_id, content, created_by, modified_by, created_at, modified_at) values (8, 'tester2', 'Quisque id justo sit amet sapien dignissim vestibulum. Vestibulum ante ipsum primis in faucibus orci luctus et ultrices posuere cubilia Curae; Nulla dapibus dolor vel est. Donec odio justo, sollicitudin ut, suscipit a, feugiat et, eros.', 'tester2', 'tester2', '2023-02-06 08:18:27', '2023-11-14 00:46:30');
insert into article_comment (article_id, user_id, content, created_by, modified_by, created_at, modified_at) values (62, 'tester1', 'Proin interdum mauris non ligula pellentesque ultrices. Phasellus id sapien in sapien iaculis congue. Vivamus metus arcu, adipiscing molestie, hendrerit at, vulputate vitae, nisl.', 'tester1', 'tester1', '2023-01-28 06:48:21', '2024-01-16 03:46:02');
insert into article_comment (article_id, user_id, content, created_by, modified_by, created_at, modified_at) values (106, 'tester1', 'Nulla ut erat id mauris vulputate elementum. Nullam varius. Nulla facilisi.', 'tester1', 'tester1', '2023-01-20 10:30:20', '2024-07-25 11:52:12');
insert into article_comment (article_id, user_id, content, created_by, modified_by, created_at, modified_at) values (54, 'tester2', 'Maecenas leo odio, condimentum id, luctus nec, molestie sed, justo. Pellentesque viverra pede ac diam. Cras pellentesque volutpat dui.', 'tester2', 'tester2', '2022-12-23 01:26:16', '2024-06-21 06:04:22');
insert into article_comment (article_id, user_id, content, created_by, modified_by, created_at, modified_at) values (38, 'tester2', 'Praesent id massa id nisl venenatis lacinia. Aenean sit amet justo. Morbi ut odio.', 'tester2', 'tester2', '2023-06-14 10:37:00', '2023-11-24 15:51:36');
insert into article_comment (article_id, user_id, content, created_by, modified_by, created_at, modified_at) values (83, 'tester2', 'Lorem ipsum dolor sit amet, consectetuer adipiscing elit. Proin risus. Praesent lectus.', 'tester2', 'tester2', '2023-01-24 23:12:37', '2024-06-04 18:09:59');
insert into article_comment (article_id, user_id, content, created_by, modified_by, created_at, modified_at) values (29, 'tester2', 'Proin eu mi. Nulla ac enim. In tempor, turpis nec euismod scelerisque, quam turpis adipiscing lorem, vitae mattis nibh ligula nec sem.', 'tester2', 'tester2', '2023-08-09 11:56:36', '2024-10-02 22:41:46');
insert into article_comment (article_id, user_id, content, created_by, modified_by, created_at, modified_at) values (98, 'tester1', 'Cras mi pede, malesuada in, imperdiet et, commodo vulputate, justo. In blandit ultrices enim. Lorem ipsum dolor sit amet, consectetuer adipiscing elit.', 'tester1', 'tester1', '2023-09-19 19:32:31', '2024-04-22 21:38:37');
insert into article_comment (article_id, user_id, content, created_by, modified_by, created_at, modified_at) values (30, 'tester1', 'Duis aliquam convallis nunc. Proin at turpis a pede posuere nonummy. Integer non velit.', 'tester1', 'tester1', '2023-01-26 18:42:39', '2024-08-03 15:20:08');
insert into article_comment (article_id, user_id, content, created_by, modified_by, created_at, modified_at) values (84, 'tester1', 'Proin interdum mauris non ligula pellentesque ultrices. Phasellus id sapien in sapien iaculis congue. Vivamus metus arcu, adipiscing molestie, hendrerit at, vulputate vitae, nisl.', 'tester1', 'tester1', '2023-07-20 02:11:50', '2024-02-07 18:59:06');
insert into article_comment (article_id, user_id, content, created_by, modified_by, created_at, modified_at) values (93, 'tester2', 'Morbi non lectus. Aliquam sit amet diam in magna bibendum imperdiet. Nullam orci pede, venenatis non, sodales sed, tincidunt eu, felis.', 'tester2', 'tester2', '2023-04-26 19:19:12', '2024-05-04 22:43:07');
insert into article_comment (article_id, user_id, content, created_by, modified_by, created_at, modified_at) values (110, 'tester1', 'Nam ultrices, libero non mattis pulvinar, nulla pede ullamcorper augue, a suscipit nulla elit ac nulla. Sed vel enim sit amet nunc viverra dapibus. Nulla suscipit ligula in lacus.', 'tester1', 'tester1', '2023-08-13 17:14:18', '2024-02-29 05:11:31');
insert into article_comment (article_id, user_id, content, created_by, modified_by, created_at, modified_at) values (8, 'tester2', 'Sed sagittis. Nam congue, risus semper porta volutpat, quam pede lobortis ligula, sit amet eleifend pede libero quis orci. Nullam molestie nibh in lectus.', 'tester2', 'tester2', '2023-03-16 20:00:48', '2024-01-16 23:09:36');
insert into article_comment (article_id, user_id, content, created_by, modified_by, created_at, modified_at) values (26, 'tester1', 'Donec diam neque, vestibulum eget, vulputate ut, ultrices vel, augue. Vestibulum ante ipsum primis in faucibus orci luctus et ultrices posuere cubilia Curae; Donec pharetra, magna vestibulum aliquet ultrices, erat tortor sollicitudin mi, sit amet lobortis sapien sapien non mi. Integer ac neque.', 'tester1', 'tester1', '2023-01-05 18:08:46', '2023-12-04 22:15:58');
insert into article_comment (article_id, user_id, content, created_by, modified_by, created_at, modified_at) values (25, 'tester2', 'Etiam vel augue. Vestibulum rutrum rutrum neque. Aenean auctor gravida sem.', 'tester2', 'tester2', '2022-12-17 07:46:41', '2023-10-25 12:37:09');
insert into article_comment (article_id, user_id, content, created_by, modified_by, created_at, modified_at) values (98, 'tester1', 'Integer ac leo. Pellentesque ultrices mattis odio. Donec vitae nisi.', 'tester1', 'tester1', '2023-09-16 13:22:11', '2024-04-22 10:53:50');
insert into article_comment (article_id, user_id, content, created_by, modified_by, created_at, modified_at) values (32, 'tester1', 'Nullam sit amet turpis elementum ligula vehicula consequat. Morbi a ipsum. Integer a nibh.', 'tester1', 'tester1', '2023-02-01 04:15:12', '2024-05-31 03:15:33');
insert into article_comment (article_id, user_id, content, created_by, modified_by, created_at, modified_at) values (14, 'tester1', 'Praesent id massa id nisl venenatis lacinia. Aenean sit amet justo. Morbi ut odio.', 'tester1', 'tester1', '2023-05-10 10:55:11', '2024-05-20 01:19:05');
insert into article_comment (article_id, user_id, content, created_by, modified_by, created_at, modified_at) values (95, 'tester1', 'Sed sagittis. Nam congue, risus semper porta volutpat, quam pede lobortis ligula, sit amet eleifend pede libero quis orci. Nullam molestie nibh in lectus.', 'tester1', 'tester1', '2023-05-11 05:35:09', '2024-07-07 14:55:26');
insert into article_comment (article_id, user_id, content, created_by, modified_by, created_at, modified_at) values (34, 'tester2', 'Quisque id justo sit amet sapien dignissim vestibulum. Vestibulum ante ipsum primis in faucibus orci luctus et ultrices posuere cubilia Curae; Nulla dapibus dolor vel est. Donec odio justo, sollicitudin ut, suscipit a, feugiat et, eros.', 'tester2', 'tester2', '2022-12-08 13:28:08', '2024-02-24 02:29:08');
insert into article_comment (article_id, user_id, content, created_by, modified_by, created_at, modified_at) values (59, 'tester2', 'Morbi porttitor lorem id ligula. Suspendisse ornare consequat lectus. In est risus, auctor sed, tristique in, tempus sit amet, sem.', 'tester2', 'tester2', '2023-07-13 00:12:58', '2024-03-03 14:10:18');
insert into article_comment (article_id, user_id, content, created_by, modified_by, created_at, modified_at) values (2, 'tester2', 'Praesent blandit. Nam nulla. Integer pede justo, lacinia eget, tincidunt eget, tempus vel, pede.', 'tester2', 'tester2', '2023-05-25 15:19:16', '2024-02-28 16:37:27');
insert into article_comment (article_id, user_id, content, created_by, modified_by, created_at, modified_at) values (111, 'tester2', 'Lorem ipsum dolor sit amet, consectetuer adipiscing elit. Proin risus. Praesent lectus.', 'tester2', 'tester2', '2023-05-22 17:10:54', '2023-12-24 19:55:22');
insert into article_comment (article_id, user_id, content, created_by, modified_by, created_at, modified_at) values (10, 'tester1', 'In congue. Etiam justo. Etiam pretium iaculis justo.', 'tester1', 'tester1', '2023-07-22 08:47:34', '2023-10-16 11:47:58');
insert into article_comment (article_id, user_id, content, created_by, modified_by, created_at, modified_at) values (15, 'tester1', 'Quisque porta volutpat erat. Quisque erat eros, viverra eget, congue eget, semper rutrum, nulla. Nunc purus.', 'tester1', 'tester1', '2023-04-27 06:34:13', '2024-05-12 10:17:04');
insert into article_comment (article_id, user_id, content, created_by, modified_by, created_at, modified_at) values (65, 'tester2', 'Cum sociis natoque penatibus et magnis dis parturient montes, nascetur ridiculus mus. Vivamus vestibulum sagittis sapien. Cum sociis natoque penatibus et magnis dis parturient montes, nascetur ridiculus mus.', 'tester2', 'tester2', '2023-03-05 07:50:52', '2024-02-17 08:52:09');
insert into article_comment (article_id, user_id, content, created_by, modified_by, created_at, modified_at) values (82, 'tester2', 'Proin eu mi. Nulla ac enim. In tempor, turpis nec euismod scelerisque, quam turpis adipiscing lorem, vitae mattis nibh ligula nec sem.', 'tester2', 'tester2', '2023-02-08 05:35:20', '2024-02-24 05:29:22');
insert into article_comment (article_id, user_id, content, created_by, modified_by, created_at, modified_at) values (1, 'tester1', 'Duis consequat dui nec nisi volutpat eleifend. Donec ut dolor. Morbi vel lectus in quam fringilla rhoncus.', 'tester1', 'tester1', '2023-02-14 04:54:19', '2024-07-16 21:17:05');
insert into article_comment (article_id, user_id, content, created_by, modified_by, created_at, modified_at) values (59, 'tester2', 'Maecenas tristique, est et tempus semper, est quam pharetra magna, ac consequat metus sapien ut nunc. Vestibulum ante ipsum primis in faucibus orci luctus et ultrices posuere cubilia Curae; Mauris viverra diam vitae quam. Suspendisse potenti.', 'tester2', 'tester2', '2023-04-28 21:15:55', '2023-10-15 22:29:47');
insert into article_comment (article_id, user_id, content, created_by, modified_by, created_at, modified_at) values (107, 'tester1', 'Morbi non lectus. Aliquam sit amet diam in magna bibendum imperdiet. Nullam orci pede, venenatis non, sodales sed, tincidunt eu, felis.', 'tester1', 'tester1', '2023-05-20 07:24:19', '2023-10-18 12:19:07');
insert into article_comment (article_id, user_id, content, created_by, modified_by, created_at, modified_at) values (111, 'tester2', 'Curabitur gravida nisi at nibh. In hac habitasse platea dictumst. Aliquam augue quam, sollicitudin vitae, consectetuer eget, rutrum at, lorem.', 'tester2', 'tester2', '2023-02-17 03:13:44', '2024-03-04 16:16:40');
insert into article_comment (article_id, user_id, content, created_by, modified_by, created_at, modified_at) values (120, 'tester2', 'Phasellus sit amet erat. Nulla tempus. Vivamus in felis eu sapien cursus vestibulum.', 'tester2', 'tester2', '2022-11-11 16:05:54', '2024-08-11 07:16:48');
insert into article_comment (article_id, user_id, content, created_by, modified_by, created_at, modified_at) values (69, 'tester2', 'Etiam vel augue. Vestibulum rutrum rutrum neque. Aenean auctor gravida sem.', 'tester2', 'tester2', '2023-10-06 01:32:18', '2024-05-31 04:45:30');
insert into article_comment (article_id, user_id, content, created_by, modified_by, created_at, modified_at) values (90, 'tester1', 'Aliquam quis turpis eget elit sodales scelerisque. Mauris sit amet eros. Suspendisse accumsan tortor quis turpis.', 'tester1', 'tester1', '2023-09-21 12:43:07', '2024-03-15 03:26:00');
insert into article_comment (article_id, user_id, content, created_by, modified_by, created_at, modified_at) values (94, 'tester1', 'Sed sagittis. Nam congue, risus semper porta volutpat, quam pede lobortis ligula, sit amet eleifend pede libero quis orci. Nullam molestie nibh in lectus.', 'tester1', 'tester1', '2023-09-20 09:19:43', '2023-11-16 02:29:08');
insert into article_comment (article_id, user_id, content, created_by, modified_by, created_at, modified_at) values (36, 'tester1', 'Maecenas leo odio, condimentum id, luctus nec, molestie sed, justo. Pellentesque viverra pede ac diam. Cras pellentesque volutpat dui.', 'tester1', 'tester1', '2022-12-06 14:03:22', '2024-07-31 04:10:30');
insert into article_comment (article_id, user_id, content, created_by, modified_by, created_at, modified_at) values (74, 'tester1', 'Sed ante. Vivamus tortor. Duis mattis egestas metus.', 'tester1', 'tester1', '2023-03-29 02:04:35', '2024-08-13 15:40:04');
insert into article_comment (article_id, user_id, content, created_by, modified_by, created_at, modified_at) values (102, 'tester1', 'Maecenas leo odio, condimentum id, luctus nec, molestie sed, justo. Pellentesque viverra pede ac diam. Cras pellentesque volutpat dui.', 'tester1', 'tester1', '2023-02-12 23:33:22', '2023-11-30 00:16:32');
insert into article_comment (article_id, user_id, content, created_by, modified_by, created_at, modified_at) values (105, 'tester1', 'Quisque porta volutpat erat. Quisque erat eros, viverra eget, congue eget, semper rutrum, nulla. Nunc purus.', 'tester1', 'tester1', '2023-07-02 12:30:55', '2024-04-19 17:47:50');
insert into article_comment (article_id, user_id, content, created_by, modified_by, created_at, modified_at) values (73, 'tester2', 'Quisque id justo sit amet sapien dignissim vestibulum. Vestibulum ante ipsum primis in faucibus orci luctus et ultrices posuere cubilia Curae; Nulla dapibus dolor vel est. Donec odio justo, sollicitudin ut, suscipit a, feugiat et, eros.', 'tester2', 'tester2', '2022-12-04 21:53:43', '2024-05-24 00:58:43');
insert into article_comment (article_id, user_id, content, created_by, modified_by, created_at, modified_at) values (110, 'tester2', 'Nullam porttitor lacus at turpis. Donec posuere metus vitae ipsum. Aliquam non mauris.', 'tester2', 'tester2', '2023-02-08 04:10:22', '2024-01-13 20:52:39');
insert into article_comment (article_id, user_id, content, created_by, modified_by, created_at, modified_at) values (87, 'tester2', 'Integer tincidunt ante vel ipsum. Praesent blandit lacinia erat. Vestibulum sed magna at nunc commodo placerat.', 'tester2', 'tester2', '2023-06-06 18:48:04', '2024-06-17 09:11:22');
insert into article_comment (article_id, user_id, content, created_by, modified_by, created_at, modified_at) values (70, 'tester2', 'Duis aliquam convallis nunc. Proin at turpis a pede posuere nonummy. Integer non velit.', 'tester2', 'tester2', '2022-11-30 01:32:32', '2024-08-29 09:52:03');
insert into article_comment (article_id, user_id, content, created_by, modified_by, created_at, modified_at) values (63, 'tester1', 'Maecenas tristique, est et tempus semper, est quam pharetra magna, ac consequat metus sapien ut nunc. Vestibulum ante ipsum primis in faucibus orci luctus et ultrices posuere cubilia Curae; Mauris viverra diam vitae quam. Suspendisse potenti.', 'tester1', 'tester1', '2023-06-11 14:34:49', '2023-10-17 15:45:19');
insert into article_comment (article_id, user_id, content, created_by, modified_by, created_at, modified_at) values (122, 'tester1', 'In sagittis dui vel nisl. Duis ac nibh. Fusce lacus purus, aliquet at, feugiat non, pretium quis, lectus.', 'tester1', 'tester1', '2022-12-19 01:02:22', '2023-11-10 07:10:25');
insert into article_comment (article_id, user_id, content, created_by, modified_by, created_at, modified_at) values (88, 'tester2', 'Proin eu mi. Nulla ac enim. In tempor, turpis nec euismod scelerisque, quam turpis adipiscing lorem, vitae mattis nibh ligula nec sem.', 'tester2', 'tester2', '2023-04-11 11:56:46', '2024-03-21 05:54:31');
insert into article_comment (article_id, user_id, content, created_by, modified_by, created_at, modified_at) values (113, 'tester1', 'Integer ac leo. Pellentesque ultrices mattis odio. Donec vitae nisi.', 'tester1', 'tester1', '2023-05-10 11:49:59', '2023-10-27 09:46:09');
insert into article_comment (article_id, user_id, content, created_by, modified_by, created_at, modified_at) values (107, 'tester2', 'Aenean lectus. Pellentesque eget nunc. Donec quis orci eget orci vehicula condimentum.', 'tester2', 'tester2', '2022-11-24 06:49:02', '2024-06-28 22:13:42');
insert into article_comment (article_id, user_id, content, created_by, modified_by, created_at, modified_at) values (61, 'tester2', 'Sed ante. Vivamus tortor. Duis mattis egestas metus.', 'tester2', 'tester2', '2022-12-29 00:42:51', '2024-02-09 23:58:51');
insert into article_comment (article_id, user_id, content, created_by, modified_by, created_at, modified_at) values (67, 'tester1', 'Maecenas leo odio, condimentum id, luctus nec, molestie sed, justo. Pellentesque viverra pede ac diam. Cras pellentesque volutpat dui.', 'tester1', 'tester1', '2023-09-02 10:35:08', '2024-09-19 00:55:10');
insert into article_comment (article_id, user_id, content, created_by, modified_by, created_at, modified_at) values (26, 'tester2', 'Proin leo odio, porttitor id, consequat in, consequat ut, nulla. Sed accumsan felis. Ut at dolor quis odio consequat varius.', 'tester2', 'tester2', '2023-10-06 01:16:48', '2024-07-05 19:29:56');
insert into article_comment (article_id, user_id, content, created_by, modified_by, created_at, modified_at) values (32, 'tester1', 'Duis bibendum, felis sed interdum venenatis, turpis enim blandit mi, in porttitor pede justo eu massa. Donec dapibus. Duis at velit eu est congue elementum.', 'tester1', 'tester1', '2023-01-19 11:40:27', '2024-04-28 20:34:22');
insert into article_comment (article_id, user_id, content, created_by, modified_by, created_at, modified_at) values (14, 'tester2', 'Quisque id justo sit amet sapien dignissim vestibulum. Vestibulum ante ipsum primis in faucibus orci luctus et ultrices posuere cubilia Curae; Nulla dapibus dolor vel est. Donec odio justo, sollicitudin ut, suscipit a, feugiat et, eros.', 'tester2', 'tester2', '2023-07-28 06:45:30', '2023-12-08 07:37:25');
insert into article_comment (article_id, user_id, content, created_by, modified_by, created_at, modified_at) values (81, 'tester1', 'Fusce posuere felis sed lacus. Morbi sem mauris, laoreet ut, rhoncus aliquet, pulvinar sed, nisl. Nunc rhoncus dui vel sem.', 'tester1', 'tester1', '2022-11-29 22:24:16', '2023-10-09 18:04:29');
insert into article_comment (article_id, user_id, content, created_by, modified_by, created_at, modified_at) values (115, 'tester1', 'Maecenas ut massa quis augue luctus tincidunt. Nulla mollis molestie lorem. Quisque ut erat.', 'tester1', 'tester1', '2023-01-31 21:35:11', '2024-04-04 03:59:47');
insert into article_comment (article_id, user_id, content, created_by, modified_by, created_at, modified_at) values (74, 'tester1', 'Quisque porta volutpat erat. Quisque erat eros, viverra eget, congue eget, semper rutrum, nulla. Nunc purus.', 'tester1', 'tester1', '2023-08-16 11:32:19', '2024-10-01 15:15:58');
insert into article_comment (article_id, user_id, content, created_by, modified_by, created_at, modified_at) values (88, 'tester2', 'Morbi non lectus. Aliquam sit amet diam in magna bibendum imperdiet. Nullam orci pede, venenatis non, sodales sed, tincidunt eu, felis.', 'tester2', 'tester2', '2022-12-04 08:08:44', '2024-09-22 04:14:19');
insert into article_comment (article_id, user_id, content, created_by, modified_by, created_at, modified_at) values (67, 'tester1', 'Integer ac leo. Pellentesque ultrices mattis odio. Donec vitae nisi.', 'tester1', 'tester1', '2023-07-18 05:03:56', '2024-06-14 07:28:13');
insert into article_comment (article_id, user_id, content, created_by, modified_by, created_at, modified_at) values (122, 'tester2', 'Nam ultrices, libero non mattis pulvinar, nulla pede ullamcorper augue, a suscipit nulla elit ac nulla. Sed vel enim sit amet nunc viverra dapibus. Nulla suscipit ligula in lacus.', 'tester2', 'tester2', '2022-12-01 06:18:04', '2024-03-23 12:13:53');
insert into article_comment (article_id, user_id, content, created_by, modified_by, created_at, modified_at) values (62, 'tester2', 'Curabitur gravida nisi at nibh. In hac habitasse platea dictumst. Aliquam augue quam, sollicitudin vitae, consectetuer eget, rutrum at, lorem.', 'tester2', 'tester2', '2023-07-04 11:43:53', '2024-05-05 04:24:33');
insert into article_comment (article_id, user_id, content, created_by, modified_by, created_at, modified_at) values (84, 'tester2', 'Integer tincidunt ante vel ipsum. Praesent blandit lacinia erat. Vestibulum sed magna at nunc commodo placerat.', 'tester2', 'tester2', '2022-12-23 14:29:43', '2024-07-19 08:52:33');
insert into article_comment (article_id, user_id, content, created_by, modified_by, created_at, modified_at) values (63, 'tester2', 'Lorem ipsum dolor sit amet, consectetuer adipiscing elit. Proin risus. Praesent lectus.', 'tester2', 'tester2', '2023-04-24 21:14:02', '2024-09-10 19:51:49');
insert into article_comment (article_id, user_id, content, created_by, modified_by, created_at, modified_at) values (38, 'tester2', 'Nulla ut erat id mauris vulputate elementum. Nullam varius. Nulla facilisi.', 'tester2', 'tester2', '2023-09-10 13:53:55', '2023-12-24 06:02:43');
insert into article_comment (article_id, user_id, content, created_by, modified_by, created_at, modified_at) values (51, 'tester1', 'Praesent blandit. Nam nulla. Integer pede justo, lacinia eget, tincidunt eget, tempus vel, pede.', 'tester1', 'tester1', '2022-11-09 18:58:22', '2023-12-05 20:22:21');
insert into article_comment (article_id, user_id, content, created_by, modified_by, created_at, modified_at) values (53, 'tester2', 'Maecenas ut massa quis augue luctus tincidunt. Nulla mollis molestie lorem. Quisque ut erat.', 'tester2', 'tester2', '2023-06-14 20:15:20', '2024-02-26 15:50:29');
insert into article_comment (article_id, user_id, content, created_by, modified_by, created_at, modified_at) values (74, 'tester1', 'Morbi non lectus. Aliquam sit amet diam in magna bibendum imperdiet. Nullam orci pede, venenatis non, sodales sed, tincidunt eu, felis.', 'tester1', 'tester1', '2023-06-04 07:42:01', '2024-01-05 03:25:22');
insert into article_comment (article_id, user_id, content, created_by, modified_by, created_at, modified_at) values (75, 'tester1', 'Nulla ut erat id mauris vulputate elementum. Nullam varius. Nulla facilisi.', 'tester1', 'tester1', '2022-12-20 02:44:55', '2024-01-16 01:23:22');
insert into article_comment (article_id, user_id, content, created_by, modified_by, created_at, modified_at) values (33, 'tester2', 'Nullam porttitor lacus at turpis. Donec posuere metus vitae ipsum. Aliquam non mauris.', 'tester2', 'tester2', '2023-05-02 04:30:53', '2024-02-23 23:36:39');
insert into article_comment (article_id, user_id, content, created_by, modified_by, created_at, modified_at) values (50, 'tester2', 'Maecenas leo odio, condimentum id, luctus nec, molestie sed, justo. Pellentesque viverra pede ac diam. Cras pellentesque volutpat dui.', 'tester2', 'tester2', '2023-02-08 01:17:43', '2024-01-24 03:57:33');
insert into article_comment (article_id, user_id, content, created_by, modified_by, created_at, modified_at) values (37, 'tester2', 'Phasellus in felis. Donec semper sapien a libero. Nam dui.', 'tester2', 'tester2', '2022-11-15 19:49:57', '2024-05-13 07:22:21');
insert into article_comment (article_id, user_id, content, created_by, modified_by, created_at, modified_at) values (102, 'tester1', 'Integer ac leo. Pellentesque ultrices mattis odio. Donec vitae nisi.', 'tester1', 'tester1', '2023-09-26 08:44:48', '2024-09-07 20:27:29');
insert into article_comment (article_id, user_id, content, created_by, modified_by, created_at, modified_at) values (50, 'tester1', 'Suspendisse potenti. In eleifend quam a odio. In hac habitasse platea dictumst.', 'tester1', 'tester1', '2023-08-17 21:01:39', '2023-12-24 21:19:56');
insert into article_comment (article_id, user_id, content, created_by, modified_by, created_at, modified_at) values (63, 'tester2', 'Duis aliquam convallis nunc. Proin at turpis a pede posuere nonummy. Integer non velit.', 'tester2', 'tester2', '2023-05-04 22:00:38', '2024-09-17 08:38:29');
insert into article_comment (article_id, user_id, content, created_by, modified_by, created_at, modified_at) values (116, 'tester2', 'Nulla ut erat id mauris vulputate elementum. Nullam varius. Nulla facilisi.', 'tester2', 'tester2', '2022-12-24 05:36:09', '2023-10-27 01:34:13');
insert into article_comment (article_id, user_id, content, created_by, modified_by, created_at, modified_at) values (57, 'tester2', 'Morbi non lectus. Aliquam sit amet diam in magna bibendum imperdiet. Nullam orci pede, venenatis non, sodales sed, tincidunt eu, felis.', 'tester2', 'tester2', '2023-06-25 14:29:48', '2023-10-24 02:34:52');
insert into article_comment (article_id, user_id, content, created_by, modified_by, created_at, modified_at) values (122, 'tester2', 'Maecenas leo odio, condimentum id, luctus nec, molestie sed, justo. Pellentesque viverra pede ac diam. Cras pellentesque volutpat dui.', 'tester2', 'tester2', '2023-05-06 09:19:34', '2024-09-21 02:31:25');
insert into article_comment (article_id, user_id, content, created_by, modified_by, created_at, modified_at) values (63, 'tester2', 'Nullam porttitor lacus at turpis. Donec posuere metus vitae ipsum. Aliquam non mauris.', 'tester2', 'tester2', '2023-03-23 21:20:24', '2024-06-08 06:19:36');
insert into article_comment (article_id, user_id, content, created_by, modified_by, created_at, modified_at) values (13, 'tester2', 'Suspendisse potenti. In eleifend quam a odio. In hac habitasse platea dictumst.', 'tester2', 'tester2', '2023-07-12 09:36:24', '2023-11-01 10:58:28');
insert into article_comment (article_id, user_id, content, created_by, modified_by, created_at, modified_at) values (44, 'tester1', 'Maecenas leo odio, condimentum id, luctus nec, molestie sed, justo. Pellentesque viverra pede ac diam. Cras pellentesque volutpat dui.', 'tester1', 'tester1', '2023-04-14 03:50:36', '2023-10-29 15:54:48');
insert into article_comment (article_id, user_id, content, created_by, modified_by, created_at, modified_at) values (95, 'tester1', 'Aenean fermentum. Donec ut mauris eget massa tempor convallis. Nulla neque libero, convallis eget, eleifend luctus, ultricies eu, nibh.', 'tester1', 'tester1', '2023-03-25 12:54:29', '2024-08-01 21:39:10');
insert into article_comment (article_id, user_id, content, created_by, modified_by, created_at, modified_at) values (31, 'tester2', 'Mauris enim leo, rhoncus sed, vestibulum sit amet, cursus id, turpis. Integer aliquet, massa id lobortis convallis, tortor risus dapibus augue, vel accumsan tellus nisi eu orci. Mauris lacinia sapien quis libero.', 'tester2', 'tester2', '2023-02-08 02:15:01', '2023-10-11 14:08:20');
insert into article_comment (article_id, user_id, content, created_by, modified_by, created_at, modified_at) values (92, 'tester1', 'Vestibulum quam sapien, varius ut, blandit non, interdum in, ante. Vestibulum ante ipsum primis in faucibus orci luctus et ultrices posuere cubilia Curae; Duis faucibus accumsan odio. Curabitur convallis.', 'tester1', 'tester1', '2023-08-12 12:23:05', '2024-07-06 14:43:45');
insert into article_comment (article_id, user_id, content, created_by, modified_by, created_at, modified_at) values (60, 'tester2', 'Proin eu mi. Nulla ac enim. In tempor, turpis nec euismod scelerisque, quam turpis adipiscing lorem, vitae mattis nibh ligula nec sem.', 'tester2', 'tester2', '2023-07-21 07:09:45', '2024-05-04 03:24:29');
insert into article_comment (article_id, user_id, content, created_by, modified_by, created_at, modified_at) values (74, 'tester1', 'Fusce posuere felis sed lacus. Morbi sem mauris, laoreet ut, rhoncus aliquet, pulvinar sed, nisl. Nunc rhoncus dui vel sem.', 'tester1', 'tester1', '2023-04-30 02:41:50', '2024-07-31 15:30:43');
insert into article_comment (article_id, user_id, content, created_by, modified_by, created_at, modified_at) values (65, 'tester2', 'Sed ante. Vivamus tortor. Duis mattis egestas metus.', 'tester2', 'tester2', '2022-12-03 23:21:58', '2024-03-22 23:05:34');
insert into article_comment (article_id, user_id, content, created_by, modified_by, created_at, modified_at) values (110, 'tester1', 'Quisque porta volutpat erat. Quisque erat eros, viverra eget, congue eget, semper rutrum, nulla. Nunc purus.', 'tester1', 'tester1', '2023-09-07 01:27:55', '2023-10-12 09:31:31');
insert into article_comment (article_id, user_id, content, created_by, modified_by, created_at, modified_at) values (115, 'tester1', 'Nam ultrices, libero non mattis pulvinar, nulla pede ullamcorper augue, a suscipit nulla elit ac nulla. Sed vel enim sit amet nunc viverra dapibus. Nulla suscipit ligula in lacus.', 'tester1', 'tester1', '2022-12-13 03:28:43', '2023-12-06 14:57:46');
insert into article_comment (article_id, user_id, content, created_by, modified_by, created_at, modified_at) values (123, 'tester1', 'Quisque porta volutpat erat. Quisque erat eros, viverra eget, congue eget, semper rutrum, nulla. Nunc purus.', 'tester1', 'tester1', '2023-09-19 17:15:49', '2023-12-31 10:59:05');
insert into article_comment (article_id, user_id, content, created_by, modified_by, created_at, modified_at) values (42, 'tester1', 'Cras mi pede, malesuada in, imperdiet et, commodo vulputate, justo. In blandit ultrices enim. Lorem ipsum dolor sit amet, consectetuer adipiscing elit.', 'tester1', 'tester1', '2023-02-28 15:12:04', '2024-06-17 15:38:03');
insert into article_comment (article_id, user_id, content, created_by, modified_by, created_at, modified_at) values (92, 'tester1', 'Duis bibendum, felis sed interdum venenatis, turpis enim blandit mi, in porttitor pede justo eu massa. Donec dapibus. Duis at velit eu est congue elementum.', 'tester1', 'tester1', '2023-01-22 14:39:12', '2024-04-23 19:39:23');
insert into article_comment (article_id, user_id, content, created_by, modified_by, created_at, modified_at) values (121, 'tester1', 'Curabitur at ipsum ac tellus semper interdum. Mauris ullamcorper purus sit amet nulla. Quisque arcu libero, rutrum ac, lobortis vel, dapibus at, diam.', 'tester1', 'tester1', '2023-06-10 23:57:24', '2024-09-15 08:39:45');
insert into article_comment (article_id, user_id, content, created_by, modified_by, created_at, modified_at) values (5, 'tester1', 'Nam ultrices, libero non mattis pulvinar, nulla pede ullamcorper augue, a suscipit nulla elit ac nulla. Sed vel enim sit amet nunc viverra dapibus. Nulla suscipit ligula in lacus.', 'tester1', 'tester1', '2023-08-15 02:59:24', '2023-12-02 07:01:43');
insert into article_comment (article_id, user_id, content, created_by, modified_by, created_at, modified_at) values (90, 'tester2', 'Pellentesque at nulla. Suspendisse potenti. Cras in purus eu magna vulputate luctus.', 'tester2', 'tester2', '2023-01-06 04:18:47', '2023-10-20 10:59:30');
insert into article_comment (article_id, user_id, content, created_by, modified_by, created_at, modified_at) values (69, 'tester2', 'Etiam vel augue. Vestibulum rutrum rutrum neque. Aenean auctor gravida sem.', 'tester2', 'tester2', '2022-12-11 17:23:34', '2023-10-11 02:23:27');
insert into article_comment (article_id, user_id, content, created_by, modified_by, created_at, modified_at) values (7, 'tester1', 'Vestibulum ac est lacinia nisi venenatis tristique. Fusce congue, diam id ornare imperdiet, sapien urna pretium nisl, ut volutpat sapien arcu sed augue. Aliquam erat volutpat.', 'tester1', 'tester1', '2023-09-18 14:28:30', '2023-12-05 19:37:27');
insert into article_comment (article_id, user_id, content, created_by, modified_by, created_at, modified_at) values (42, 'tester2', 'Integer tincidunt ante vel ipsum. Praesent blandit lacinia erat. Vestibulum sed magna at nunc commodo placerat.', 'tester2', 'tester2', '2023-07-29 13:15:22', '2024-06-20 06:15:43');
insert into article_comment (article_id, user_id, content, created_by, modified_by, created_at, modified_at) values (26, 'tester1', 'In sagittis dui vel nisl. Duis ac nibh. Fusce lacus purus, aliquet at, feugiat non, pretium quis, lectus.', 'tester1', 'tester1', '2023-01-20 09:02:55', '2023-10-20 14:39:10');
insert into article_comment (article_id, user_id, content, created_by, modified_by, created_at, modified_at) values (123, 'tester2', 'Quisque id justo sit amet sapien dignissim vestibulum. Vestibulum ante ipsum primis in faucibus orci luctus et ultrices posuere cubilia Curae; Nulla dapibus dolor vel est. Donec odio justo, sollicitudin ut, suscipit a, feugiat et, eros.', 'tester2', 'tester2', '2023-01-17 05:58:28', '2024-02-03 01:35:25');
insert into article_comment (article_id, user_id, content, created_by, modified_by, created_at, modified_at) values (44, 'tester1', 'Nullam porttitor lacus at turpis. Donec posuere metus vitae ipsum. Aliquam non mauris.', 'tester1', 'tester1', '2022-12-16 06:02:17', '2024-10-01 11:33:44');
insert into article_comment (article_id, user_id, content, created_by, modified_by, created_at, modified_at) values (11, 'tester2', 'Aenean lectus. Pellentesque eget nunc. Donec quis orci eget orci vehicula condimentum.', 'tester2', 'tester2', '2023-01-12 04:29:43', '2024-08-09 18:42:57');
insert into article_comment (article_id, user_id, content, created_by, modified_by, created_at, modified_at) values (11, 'tester1', 'Quisque porta volutpat erat. Quisque erat eros, viverra eget, congue eget, semper rutrum, nulla. Nunc purus.', 'tester1', 'tester1', '2023-07-16 21:34:34', '2024-10-01 09:28:17');
insert into article_comment (article_id, user_id, content, created_by, modified_by, created_at, modified_at) values (68, 'tester1', 'Quisque porta volutpat erat. Quisque erat eros, viverra eget, congue eget, semper rutrum, nulla. Nunc purus.', 'tester1', 'tester1', '2022-12-05 03:28:49', '2024-04-23 10:30:50');
insert into article_comment (article_id, user_id, content, created_by, modified_by, created_at, modified_at) values (84, 'tester1', 'Praesent id massa id nisl venenatis lacinia. Aenean sit amet justo. Morbi ut odio.', 'tester1', 'tester1', '2022-12-05 14:50:40', '2024-03-04 18:47:21');
insert into article_comment (article_id, user_id, content, created_by, modified_by, created_at, modified_at) values (117, 'tester1', 'Quisque porta volutpat erat. Quisque erat eros, viverra eget, congue eget, semper rutrum, nulla. Nunc purus.', 'tester1', 'tester1', '2023-04-20 09:37:02', '2024-06-24 12:33:50');
insert into article_comment (article_id, user_id, content, created_by, modified_by, created_at, modified_at) values (27, 'tester1', 'Vestibulum ac est lacinia nisi venenatis tristique. Fusce congue, diam id ornare imperdiet, sapien urna pretium nisl, ut volutpat sapien arcu sed augue. Aliquam erat volutpat.', 'tester1', 'tester1', '2022-12-12 22:43:46', '2024-10-04 10:42:17');
insert into article_comment (article_id, user_id, content, created_by, modified_by, created_at, modified_at) values (33, 'tester1', 'Etiam vel augue. Vestibulum rutrum rutrum neque. Aenean auctor gravida sem.', 'tester1', 'tester1', '2023-02-12 13:42:49', '2024-09-22 19:14:43');
insert into article_comment (article_id, user_id, content, created_by, modified_by, created_at, modified_at) values (37, 'tester1', 'Duis aliquam convallis nunc. Proin at turpis a pede posuere nonummy. Integer non velit.', 'tester1', 'tester1', '2023-06-15 14:03:19', '2023-12-23 15:44:43');
insert into article_comment (article_id, user_id, content, created_by, modified_by, created_at, modified_at) values (100, 'tester2', 'Nullam sit amet turpis elementum ligula vehicula consequat. Morbi a ipsum. Integer a nibh.', 'tester2', 'tester2', '2023-01-31 01:01:51', '2024-02-25 07:13:01');
insert into article_comment (article_id, user_id, content, created_by, modified_by, created_at, modified_at) values (74, 'tester1', 'Duis bibendum, felis sed interdum venenatis, turpis enim blandit mi, in porttitor pede justo eu massa. Donec dapibus. Duis at velit eu est congue elementum.', 'tester1', 'tester1', '2023-03-07 21:26:40', '2024-10-01 14:11:47');
insert into article_comment (article_id, user_id, content, created_by, modified_by, created_at, modified_at) values (121, 'tester2', 'Maecenas tristique, est et tempus semper, est quam pharetra magna, ac consequat metus sapien ut nunc. Vestibulum ante ipsum primis in faucibus orci luctus et ultrices posuere cubilia Curae; Mauris viverra diam vitae quam. Suspendisse potenti.', 'tester2', 'tester2', '2023-07-18 04:58:40', '2024-01-16 05:00:02');
insert into article_comment (article_id, user_id, content, created_by, modified_by, created_at, modified_at) values (8, 'tester1', 'Curabitur in libero ut massa volutpat convallis. Morbi odio odio, elementum eu, interdum eu, tincidunt in, leo. Maecenas pulvinar lobortis est.', 'tester1', 'tester1', '2023-03-02 06:31:53', '2024-06-21 14:43:33');
insert into article_comment (article_id, user_id, content, created_by, modified_by, created_at, modified_at) values (9, 'tester1', 'Proin eu mi. Nulla ac enim. In tempor, turpis nec euismod scelerisque, quam turpis adipiscing lorem, vitae mattis nibh ligula nec sem.', 'tester1', 'tester1', '2023-05-18 11:01:20', '2023-11-18 09:59:17');
insert into article_comment (article_id, user_id, content, created_by, modified_by, created_at, modified_at) values (104, 'tester1', 'Lorem ipsum dolor sit amet, consectetuer adipiscing elit. Proin risus. Praesent lectus.', 'tester1', 'tester1', '2023-09-11 07:38:14', '2023-11-10 12:33:03');
insert into article_comment (article_id, user_id, content, created_by, modified_by, created_at, modified_at) values (32, 'tester2', 'Morbi non lectus. Aliquam sit amet diam in magna bibendum imperdiet. Nullam orci pede, venenatis non, sodales sed, tincidunt eu, felis.', 'tester2', 'tester2', '2023-09-17 00:30:54', '2023-11-30 16:53:46');
insert into article_comment (article_id, user_id, content, created_by, modified_by, created_at, modified_at) values (107, 'tester2', 'Donec diam neque, vestibulum eget, vulputate ut, ultrices vel, augue. Vestibulum ante ipsum primis in faucibus orci luctus et ultrices posuere cubilia Curae; Donec pharetra, magna vestibulum aliquet ultrices, erat tortor sollicitudin mi, sit amet lobortis sapien sapien non mi. Integer ac neque.', 'tester2', 'tester2', '2023-03-20 15:29:16', '2024-02-29 00:05:58');
insert into article_comment (article_id, user_id, content, created_by, modified_by, created_at, modified_at) values (108, 'tester2', 'Cras non velit nec nisi vulputate nonummy. Maecenas tincidunt lacus at velit. Vivamus vel nulla eget eros elementum pellentesque.', 'tester2', 'tester2', '2023-04-18 04:26:01', '2024-04-01 19:43:02');
insert into article_comment (article_id, user_id, content, created_by, modified_by, created_at, modified_at) values (105, 'tester1', 'Aenean fermentum. Donec ut mauris eget massa tempor convallis. Nulla neque libero, convallis eget, eleifend luctus, ultricies eu, nibh.', 'tester1', 'tester1', '2022-11-22 02:46:15', '2023-12-16 21:52:01');
insert into article_comment (article_id, user_id, content, created_by, modified_by, created_at, modified_at) values (69, 'tester1', 'Fusce posuere felis sed lacus. Morbi sem mauris, laoreet ut, rhoncus aliquet, pulvinar sed, nisl. Nunc rhoncus dui vel sem.', 'tester1', 'tester1', '2022-11-24 14:33:08', '2024-08-05 18:58:48');
insert into article_comment (article_id, user_id, content, created_by, modified_by, created_at, modified_at) values (47, 'tester1', 'Aenean fermentum. Donec ut mauris eget massa tempor convallis. Nulla neque libero, convallis eget, eleifend luctus, ultricies eu, nibh.', 'tester1', 'tester1', '2023-08-07 22:28:30', '2024-09-05 18:01:28');
insert into article_comment (article_id, user_id, content, created_by, modified_by, created_at, modified_at) values (89, 'tester2', 'Nullam porttitor lacus at turpis. Donec posuere metus vitae ipsum. Aliquam non mauris.', 'tester2', 'tester2', '2023-03-03 22:41:15', '2023-12-24 16:57:34');
insert into article_comment (article_id, user_id, content, created_by, modified_by, created_at, modified_at) values (116, 'tester2', 'Duis bibendum, felis sed interdum venenatis, turpis enim blandit mi, in porttitor pede justo eu massa. Donec dapibus. Duis at velit eu est congue elementum.', 'tester2', 'tester2', '2023-05-01 07:03:37', '2024-05-31 04:51:52');
insert into article_comment (article_id, user_id, content, created_by, modified_by, created_at, modified_at) values (40, 'tester2', 'Curabitur at ipsum ac tellus semper interdum. Mauris ullamcorper purus sit amet nulla. Quisque arcu libero, rutrum ac, lobortis vel, dapibus at, diam.', 'tester2', 'tester2', '2023-09-12 05:55:03', '2023-11-21 07:09:51');
insert into article_comment (article_id, user_id, content, created_by, modified_by, created_at, modified_at) values (36, 'tester2', 'In congue. Etiam justo. Etiam pretium iaculis justo.', 'tester2', 'tester2', '2023-03-05 16:31:15', '2023-11-10 13:38:22');
insert into article_comment (article_id, user_id, content, created_by, modified_by, created_at, modified_at) values (106, 'tester2', 'Duis bibendum. Morbi non quam nec dui luctus rutrum. Nulla tellus.', 'tester2', 'tester2', '2022-12-09 11:39:21', '2023-10-09 22:52:03');
insert into article_comment (article_id, user_id, content, created_by, modified_by, created_at, modified_at) values (58, 'tester1', 'Lorem ipsum dolor sit amet, consectetuer adipiscing elit. Proin risus. Praesent lectus.', 'tester1', 'tester1', '2022-12-16 08:37:11', '2024-02-16 05:09:38');
insert into article_comment (article_id, user_id, content, created_by, modified_by, created_at, modified_at) values (89, 'tester1', 'Quisque porta volutpat erat. Quisque erat eros, viverra eget, congue eget, semper rutrum, nulla. Nunc purus.', 'tester1', 'tester1', '2023-10-05 13:20:17', '2024-07-04 06:24:20');
insert into article_comment (article_id, user_id, content, created_by, modified_by, created_at, modified_at) values (13, 'tester2', 'Duis consequat dui nec nisi volutpat eleifend. Donec ut dolor. Morbi vel lectus in quam fringilla rhoncus.', 'tester2', 'tester2', '2023-04-03 03:02:54', '2024-06-02 21:11:46');
insert into article_comment (article_id, user_id, content, created_by, modified_by, created_at, modified_at) values (67, 'tester2', 'Duis bibendum, felis sed interdum venenatis, turpis enim blandit mi, in porttitor pede justo eu massa. Donec dapibus. Duis at velit eu est congue elementum.', 'tester2', 'tester2', '2023-01-25 07:34:13', '2023-10-21 21:16:04');
insert into article_comment (article_id, user_id, content, created_by, modified_by, created_at, modified_at) values (112, 'tester1', 'In hac habitasse platea dictumst. Etiam faucibus cursus urna. Ut tellus.', 'tester1', 'tester1', '2023-03-19 07:19:42', '2024-07-06 20:43:14');
insert into article_comment (article_id, user_id, content, created_by, modified_by, created_at, modified_at) values (59, 'tester1', 'Duis consequat dui nec nisi volutpat eleifend. Donec ut dolor. Morbi vel lectus in quam fringilla rhoncus.', 'tester1', 'tester1', '2023-05-03 20:43:31', '2024-09-23 14:47:47');
insert into article_comment (article_id, user_id, content, created_by, modified_by, created_at, modified_at) values (106, 'tester2', 'Proin interdum mauris non ligula pellentesque ultrices. Phasellus id sapien in sapien iaculis congue. Vivamus metus arcu, adipiscing molestie, hendrerit at, vulputate vitae, nisl.', 'tester2', 'tester2', '2023-06-26 13:38:13', '2024-06-20 17:31:49');
insert into article_comment (article_id, user_id, content, created_by, modified_by, created_at, modified_at) values (120, 'tester2', 'Quisque porta volutpat erat. Quisque erat eros, viverra eget, congue eget, semper rutrum, nulla. Nunc purus.', 'tester2', 'tester2', '2023-02-16 06:42:45', '2024-01-12 22:55:11');
insert into article_comment (article_id, user_id, content, created_by, modified_by, created_at, modified_at) values (120, 'tester1', 'Maecenas leo odio, condimentum id, luctus nec, molestie sed, justo. Pellentesque viverra pede ac diam. Cras pellentesque volutpat dui.', 'tester1', 'tester1', '2023-08-31 09:44:05', '2024-06-24 11:28:40');
insert into article_comment (article_id, user_id, content, created_by, modified_by, created_at, modified_at) values (82, 'tester1', 'In congue. Etiam justo. Etiam pretium iaculis justo.', 'tester1', 'tester1', '2023-07-07 13:49:18', '2024-03-17 23:06:50');
insert into article_comment (article_id, user_id, content, created_by, modified_by, created_at, modified_at) values (79, 'tester1', 'Duis aliquam convallis nunc. Proin at turpis a pede posuere nonummy. Integer non velit.', 'tester1', 'tester1', '2022-12-31 15:22:12', '2024-10-04 14:13:31');
insert into article_comment (article_id, user_id, content, created_by, modified_by, created_at, modified_at) values (5, 'tester2', 'Maecenas ut massa quis augue luctus tincidunt. Nulla mollis molestie lorem. Quisque ut erat.', 'tester2', 'tester2', '2023-02-23 10:32:07', '2024-04-22 16:01:24');
insert into article_comment (article_id, user_id, content, created_by, modified_by, created_at, modified_at) values (1, 'tester2', 'Donec diam neque, vestibulum eget, vulputate ut, ultrices vel, augue. Vestibulum ante ipsum primis in faucibus orci luctus et ultrices posuere cubilia Curae; Donec pharetra, magna vestibulum aliquet ultrices, erat tortor sollicitudin mi, sit amet lobortis sapien sapien non mi. Integer ac neque.', 'tester2', 'tester2', '2023-07-06 22:18:37', '2023-11-20 10:12:32');
insert into article_comment (article_id, user_id, content, created_by, modified_by, created_at, modified_at) values (93, 'tester2', 'Integer tincidunt ante vel ipsum. Praesent blandit lacinia erat. Vestibulum sed magna at nunc commodo placerat.', 'tester2', 'tester2', '2023-06-29 10:18:59', '2024-04-20 10:49:09');
insert into article_comment (article_id, user_id, content, created_by, modified_by, created_at, modified_at) values (111, 'tester1', 'Nulla ut erat id mauris vulputate elementum. Nullam varius. Nulla facilisi.', 'tester1', 'tester1', '2023-08-17 14:15:20', '2024-05-08 09:28:07');
insert into article_comment (article_id, user_id, content, created_by, modified_by, created_at, modified_at) values (18, 'tester1', 'Vestibulum ac est lacinia nisi venenatis tristique. Fusce congue, diam id ornare imperdiet, sapien urna pretium nisl, ut volutpat sapien arcu sed augue. Aliquam erat volutpat.', 'tester1', 'tester1', '2023-02-05 02:57:59', '2024-05-12 08:46:21');
insert into article_comment (article_id, user_id, content, created_by, modified_by, created_at, modified_at) values (111, 'tester1', 'Phasellus sit amet erat. Nulla tempus. Vivamus in felis eu sapien cursus vestibulum.', 'tester1', 'tester1', '2023-01-31 19:39:53', '2024-03-16 19:59:01');
insert into article_comment (article_id, user_id, content, created_by, modified_by, created_at, modified_at) values (64, 'tester2', 'Integer ac leo. Pellentesque ultrices mattis odio. Donec vitae nisi.', 'tester2', 'tester2', '2023-04-26 13:38:54', '2024-09-30 05:51:13');
insert into article_comment (article_id, user_id, content, created_by, modified_by, created_at, modified_at) values (112, 'tester1', 'Duis bibendum, felis sed interdum venenatis, turpis enim blandit mi, in porttitor pede justo eu massa. Donec dapibus. Duis at velit eu est congue elementum.', 'tester1', 'tester1', '2023-08-18 17:43:11', '2024-09-26 06:34:56');
insert into article_comment (article_id, user_id, content, created_by, modified_by, created_at, modified_at) values (53, 'tester1', 'Maecenas ut massa quis augue luctus tincidunt. Nulla mollis molestie lorem. Quisque ut erat.', 'tester1', 'tester1', '2023-01-13 09:45:11', '2024-04-01 04:46:18');
insert into article_comment (article_id, user_id, content, created_by, modified_by, created_at, modified_at) values (94, 'tester1', 'Aenean lectus. Pellentesque eget nunc. Donec quis orci eget orci vehicula condimentum.', 'tester1', 'tester1', '2022-12-23 07:47:21', '2024-09-28 18:21:22');
insert into article_comment (article_id, user_id, content, created_by, modified_by, created_at, modified_at) values (2, 'tester2', 'In quis justo. Maecenas rhoncus aliquam lacus. Morbi quis tortor id nulla ultrices aliquet.', 'tester2', 'tester2', '2023-09-28 03:35:43', '2024-02-03 07:47:31');
insert into article_comment (article_id, user_id, content, created_by, modified_by, created_at, modified_at) values (100, 'tester2', 'Duis aliquam convallis nunc. Proin at turpis a pede posuere nonummy. Integer non velit.', 'tester2', 'tester2', '2023-01-09 21:40:14', '2023-11-28 13:21:19');
insert into article_comment (article_id, user_id, content, created_by, modified_by, created_at, modified_at) values (44, 'tester1', 'In hac habitasse platea dictumst. Etiam faucibus cursus urna. Ut tellus.', 'tester1', 'tester1', '2023-05-22 02:55:34', '2024-06-30 00:39:19');
insert into article_comment (article_id, user_id, content, created_by, modified_by, created_at, modified_at) values (92, 'tester1', 'Fusce consequat. Nulla nisl. Nunc nisl.', 'tester1', 'tester1', '2023-09-01 20:13:32', '2023-12-21 11:58:40');
insert into article_comment (article_id, user_id, content, created_by, modified_by, created_at, modified_at) values (5, 'tester2', 'Duis bibendum. Morbi non quam nec dui luctus rutrum. Nulla tellus.', 'tester2', 'tester2', '2023-05-20 23:46:51', '2024-01-12 16:39:22');
insert into article_comment (article_id, user_id, content, created_by, modified_by, created_at, modified_at) values (92, 'tester1', 'Integer tincidunt ante vel ipsum. Praesent blandit lacinia erat. Vestibulum sed magna at nunc commodo placerat.', 'tester1', 'tester1', '2022-11-22 08:26:57', '2024-07-16 15:08:44');
insert into article_comment (article_id, user_id, content, created_by, modified_by, created_at, modified_at) values (72, 'tester1', 'Cum sociis natoque penatibus et magnis dis parturient montes, nascetur ridiculus mus. Vivamus vestibulum sagittis sapien. Cum sociis natoque penatibus et magnis dis parturient montes, nascetur ridiculus mus.', 'tester1', 'tester1', '2023-04-20 11:24:16', '2024-04-21 18:41:35');
insert into article_comment (article_id, user_id, content, created_by, modified_by, created_at, modified_at) values (86, 'tester2', 'Duis consequat dui nec nisi volutpat eleifend. Donec ut dolor. Morbi vel lectus in quam fringilla rhoncus.', 'tester2', 'tester2', '2023-09-17 10:22:29', '2023-12-31 01:35:43');
insert into article_comment (article_id, user_id, content, created_by, modified_by, created_at, modified_at) values (12, 'tester1', 'Lorem ipsum dolor sit amet, consectetuer adipiscing elit. Proin risus. Praesent lectus.', 'tester1', 'tester1', '2023-05-21 15:54:03', '2024-05-20 21:04:10');
insert into article_comment (article_id, user_id, content, created_by, modified_by, created_at, modified_at) values (81, 'tester1', 'In sagittis dui vel nisl. Duis ac nibh. Fusce lacus purus, aliquet at, feugiat non, pretium quis, lectus.', 'tester1', 'tester1', '2023-07-07 00:26:02', '2024-03-17 06:28:45');
insert into article_comment (article_id, user_id, content, created_by, modified_by, created_at, modified_at) values (76, 'tester1', 'Vestibulum ac est lacinia nisi venenatis tristique. Fusce congue, diam id ornare imperdiet, sapien urna pretium nisl, ut volutpat sapien arcu sed augue. Aliquam erat volutpat.', 'tester1', 'tester1', '2023-07-31 20:33:54', '2024-03-15 09:43:30');
insert into article_comment (article_id, user_id, content, created_by, modified_by, created_at, modified_at) values (5, 'tester1', 'Curabitur in libero ut massa volutpat convallis. Morbi odio odio, elementum eu, interdum eu, tincidunt in, leo. Maecenas pulvinar lobortis est.', 'tester1', 'tester1', '2023-03-09 08:13:45', '2024-03-25 18:27:08');
insert into article_comment (article_id, user_id, content, created_by, modified_by, created_at, modified_at) values (54, 'tester2', 'Fusce consequat. Nulla nisl. Nunc nisl.', 'tester2', 'tester2', '2023-06-13 20:00:34', '2024-01-16 03:45:12');
insert into article_comment (article_id, user_id, content, created_by, modified_by, created_at, modified_at) values (47, 'tester2', 'Nullam porttitor lacus at turpis. Donec posuere metus vitae ipsum. Aliquam non mauris.', 'tester2', 'tester2', '2023-07-20 10:21:41', '2024-07-28 17:17:22');
insert into article_comment (article_id, user_id, content, created_by, modified_by, created_at, modified_at) values (40, 'tester1', 'Nullam porttitor lacus at turpis. Donec posuere metus vitae ipsum. Aliquam non mauris.', 'tester1', 'tester1', '2023-03-20 19:25:16', '2024-09-19 11:46:47');
insert into article_comment (article_id, user_id, content, created_by, modified_by, created_at, modified_at) values (53, 'tester2', 'Pellentesque at nulla. Suspendisse potenti. Cras in purus eu magna vulputate luctus.', 'tester2', 'tester2', '2023-01-19 12:17:43', '2024-07-13 04:17:17');
insert into article_comment (article_id, user_id, content, created_by, modified_by, created_at, modified_at) values (39, 'tester1', 'Duis aliquam convallis nunc. Proin at turpis a pede posuere nonummy. Integer non velit.', 'tester1', 'tester1', '2023-07-26 17:28:35', '2024-05-07 14:26:46');
insert into article_comment (article_id, user_id, content, created_by, modified_by, created_at, modified_at) values (65, 'tester2', 'Vestibulum ac est lacinia nisi venenatis tristique. Fusce congue, diam id ornare imperdiet, sapien urna pretium nisl, ut volutpat sapien arcu sed augue. Aliquam erat volutpat.', 'tester2', 'tester2', '2022-11-13 04:42:22', '2024-05-11 14:37:04');
insert into article_comment (article_id, user_id, content, created_by, modified_by, created_at, modified_at) values (1, 'tester2', 'Donec diam neque, vestibulum eget, vulputate ut, ultrices vel, augue. Vestibulum ante ipsum primis in faucibus orci luctus et ultrices posuere cubilia Curae; Donec pharetra, magna vestibulum aliquet ultrices, erat tortor sollicitudin mi, sit amet lobortis sapien sapien non mi. Integer ac neque.', 'tester2', 'tester2', '2023-06-11 01:58:57', '2024-09-08 11:28:02');
insert into article_comment (article_id, user_id, content, created_by, modified_by, created_at, modified_at) values (38, 'tester1', 'Nam ultrices, libero non mattis pulvinar, nulla pede ullamcorper augue, a suscipit nulla elit ac nulla. Sed vel enim sit amet nunc viverra dapibus. Nulla suscipit ligula in lacus.', 'tester1', 'tester1', '2023-02-01 06:53:07', '2024-09-11 05:56:53');
insert into article_comment (article_id, user_id, content, created_by, modified_by, created_at, modified_at) values (100, 'tester2', 'In hac habitasse platea dictumst. Etiam faucibus cursus urna. Ut tellus.', 'tester2', 'tester2', '2023-09-30 17:02:59', '2023-10-19 21:08:13');
insert into article_comment (article_id, user_id, content, created_by, modified_by, created_at, modified_at) values (22, 'tester1', 'Pellentesque at nulla. Suspendisse potenti. Cras in purus eu magna vulputate luctus.', 'tester1', 'tester1', '2023-06-04 00:42:09', '2024-03-05 11:45:32');
insert into article_comment (article_id, user_id, content, created_by, modified_by, created_at, modified_at) values (65, 'tester1', 'Morbi porttitor lorem id ligula. Suspendisse ornare consequat lectus. In est risus, auctor sed, tristique in, tempus sit amet, sem.', 'tester1', 'tester1', '2023-05-18 20:44:54', '2024-02-03 05:30:38');
insert into article_comment (article_id, user_id, content, created_by, modified_by, created_at, modified_at) values (107, 'tester2', 'Cras non velit nec nisi vulputate nonummy. Maecenas tincidunt lacus at velit. Vivamus vel nulla eget eros elementum pellentesque.', 'tester2', 'tester2', '2023-09-16 17:19:39', '2024-03-18 08:20:27');
insert into article_comment (article_id, user_id, content, created_by, modified_by, created_at, modified_at) values (38, 'tester1', 'Cras mi pede, malesuada in, imperdiet et, commodo vulputate, justo. In blandit ultrices enim. Lorem ipsum dolor sit amet, consectetuer adipiscing elit.', 'tester1', 'tester1', '2023-05-20 22:05:24', '2024-04-13 21:19:53');
insert into article_comment (article_id, user_id, content, created_by, modified_by, created_at, modified_at) values (50, 'tester1', 'In hac habitasse platea dictumst. Etiam faucibus cursus urna. Ut tellus.', 'tester1', 'tester1', '2023-03-06 10:46:01', '2024-02-22 10:52:18');
insert into article_comment (article_id, user_id, content, created_by, modified_by, created_at, modified_at) values (40, 'tester2', 'Cras mi pede, malesuada in, imperdiet et, commodo vulputate, justo. In blandit ultrices enim. Lorem ipsum dolor sit amet, consectetuer adipiscing elit.', 'tester2', 'tester2', '2023-03-30 16:29:15', '2024-09-17 17:24:05');
insert into article_comment (article_id, user_id, content, created_by, modified_by, created_at, modified_at) values (103, 'tester2', 'Sed ante. Vivamus tortor. Duis mattis egestas metus.', 'tester2', 'tester2', '2023-08-03 04:16:17', '2024-09-05 20:00:58');
insert into article_comment (article_id, user_id, content, created_by, modified_by, created_at, modified_at) values (112, 'tester1', 'Curabitur at ipsum ac tellus semper interdum. Mauris ullamcorper purus sit amet nulla. Quisque arcu libero, rutrum ac, lobortis vel, dapibus at, diam.', 'tester1', 'tester1', '2022-11-12 00:17:51', '2023-11-05 12:49:56');
insert into article_comment (article_id, user_id, content, created_by, modified_by, created_at, modified_at) values (87, 'tester1', 'Proin eu mi. Nulla ac enim. In tempor, turpis nec euismod scelerisque, quam turpis adipiscing lorem, vitae mattis nibh ligula nec sem.', 'tester1', 'tester1', '2023-02-26 13:29:53', '2024-01-09 11:47:20');
insert into article_comment (article_id, user_id, content, created_by, modified_by, created_at, modified_at) values (78, 'tester1', 'Duis aliquam convallis nunc. Proin at turpis a pede posuere nonummy. Integer non velit.', 'tester1', 'tester1', '2023-09-10 10:34:01', '2024-07-24 01:00:32');
insert into article_comment (article_id, user_id, content, created_by, modified_by, created_at, modified_at) values (68, 'tester1', 'Cras mi pede, malesuada in, imperdiet et, commodo vulputate, justo. In blandit ultrices enim. Lorem ipsum dolor sit amet, consectetuer adipiscing elit.', 'tester1', 'tester1', '2023-02-21 08:17:08', '2023-10-14 05:04:43');
insert into article_comment (article_id, user_id, content, created_by, modified_by, created_at, modified_at) values (123, 'tester1', 'Proin eu mi. Nulla ac enim. In tempor, turpis nec euismod scelerisque, quam turpis adipiscing lorem, vitae mattis nibh ligula nec sem.', 'tester1', 'tester1', '2023-03-20 00:07:02', '2024-03-05 02:06:58');
insert into article_comment (article_id, user_id, content, created_by, modified_by, created_at, modified_at) values (70, 'tester2', 'Maecenas leo odio, condimentum id, luctus nec, molestie sed, justo. Pellentesque viverra pede ac diam. Cras pellentesque volutpat dui.', 'tester2', 'tester2', '2023-04-15 00:58:35', '2024-04-01 16:00:47');
insert into article_comment (article_id, user_id, content, created_by, modified_by, created_at, modified_at) values (96, 'tester1', 'Morbi non lectus. Aliquam sit amet diam in magna bibendum imperdiet. Nullam orci pede, venenatis non, sodales sed, tincidunt eu, felis.', 'tester1', 'tester1', '2023-02-15 07:12:46', '2024-06-02 16:04:59');
insert into article_comment (article_id, user_id, content, created_by, modified_by, created_at, modified_at) values (100, 'tester1', 'Proin leo odio, porttitor id, consequat in, consequat ut, nulla. Sed accumsan felis. Ut at dolor quis odio consequat varius.', 'tester1', 'tester1', '2022-11-11 08:58:03', '2023-12-15 04:01:36');
insert into article_comment (article_id, user_id, content, created_by, modified_by, created_at, modified_at) values (108, 'tester1', 'Quisque porta volutpat erat. Quisque erat eros, viverra eget, congue eget, semper rutrum, nulla. Nunc purus.', 'tester1', 'tester1', '2023-07-27 08:01:31', '2024-03-17 01:47:49');
insert into article_comment (article_id, user_id, content, created_by, modified_by, created_at, modified_at) values (23, 'tester1', 'Cum sociis natoque penatibus et magnis dis parturient montes, nascetur ridiculus mus. Vivamus vestibulum sagittis sapien. Cum sociis natoque penatibus et magnis dis parturient montes, nascetur ridiculus mus.', 'tester1', 'tester1', '2023-08-03 20:08:23', '2023-12-06 05:04:57');
insert into article_comment (article_id, user_id, content, created_by, modified_by, created_at, modified_at) values (56, 'tester1', 'Maecenas ut massa quis augue luctus tincidunt. Nulla mollis molestie lorem. Quisque ut erat.', 'tester1', 'tester1', '2022-11-21 22:41:34', '2024-08-20 14:46:01');
insert into article_comment (article_id, user_id, content, created_by, modified_by, created_at, modified_at) values (88, 'tester2', 'Curabitur in libero ut massa volutpat convallis. Morbi odio odio, elementum eu, interdum eu, tincidunt in, leo. Maecenas pulvinar lobortis est.', 'tester2', 'tester2', '2023-08-10 17:25:42', '2024-01-14 17:06:49');
insert into article_comment (article_id, user_id, content, created_by, modified_by, created_at, modified_at) values (56, 'tester1', 'Proin leo odio, porttitor id, consequat in, consequat ut, nulla. Sed accumsan felis. Ut at dolor quis odio consequat varius.', 'tester1', 'tester1', '2023-01-02 06:08:46', '2024-09-29 22:24:16');
insert into article_comment (article_id, user_id, content, created_by, modified_by, created_at, modified_at) values (73, 'tester1', 'Quisque porta volutpat erat. Quisque erat eros, viverra eget, congue eget, semper rutrum, nulla. Nunc purus.', 'tester1', 'tester1', '2023-04-05 05:47:56', '2024-05-08 10:36:44');
insert into article_comment (article_id, user_id, content, created_by, modified_by, created_at, modified_at) values (94, 'tester1', 'Donec diam neque, vestibulum eget, vulputate ut, ultrices vel, augue. Vestibulum ante ipsum primis in faucibus orci luctus et ultrices posuere cubilia Curae; Donec pharetra, magna vestibulum aliquet ultrices, erat tortor sollicitudin mi, sit amet lobortis sapien sapien non mi. Integer ac neque.', 'tester1', 'tester1', '2023-05-26 13:07:46', '2024-02-25 07:28:41');
insert into article_comment (article_id, user_id, content, created_by, modified_by, created_at, modified_at) values (96, 'tester2', 'Etiam vel augue. Vestibulum rutrum rutrum neque. Aenean auctor gravida sem.', 'tester2', 'tester2', '2023-03-07 12:31:32', '2024-05-31 13:13:01');
insert into article_comment (article_id, user_id, content, created_by, modified_by, created_at, modified_at) values (8, 'tester2', 'Nam ultrices, libero non mattis pulvinar, nulla pede ullamcorper augue, a suscipit nulla elit ac nulla. Sed vel enim sit amet nunc viverra dapibus. Nulla suscipit ligula in lacus.', 'tester2', 'tester2', '2023-04-11 01:13:31', '2024-06-30 00:06:46');
insert into article_comment (article_id, user_id, content, created_by, modified_by, created_at, modified_at) values (109, 'tester2', 'Maecenas ut massa quis augue luctus tincidunt. Nulla mollis molestie lorem. Quisque ut erat.', 'tester2', 'tester2', '2023-03-29 21:14:08', '2024-02-23 06:00:29');
insert into article_comment (article_id, user_id, content, created_by, modified_by, created_at, modified_at) values (73, 'tester1', 'Aliquam quis turpis eget elit sodales scelerisque. Mauris sit amet eros. Suspendisse accumsan tortor quis turpis.', 'tester1', 'tester1', '2023-07-06 09:01:18', '2023-12-28 04:11:00');
insert into article_comment (article_id, user_id, content, created_by, modified_by, created_at, modified_at) values (123, 'tester2', 'Aenean fermentum. Donec ut mauris eget massa tempor convallis. Nulla neque libero, convallis eget, eleifend luctus, ultricies eu, nibh.', 'tester2', 'tester2', '2023-01-14 10:05:57', '2024-06-29 22:12:15');
insert into article_comment (article_id, user_id, content, created_by, modified_by, created_at, modified_at) values (106, 'tester1', 'Nullam porttitor lacus at turpis. Donec posuere metus vitae ipsum. Aliquam non mauris.', 'tester1', 'tester1', '2023-02-01 01:55:21', '2024-08-28 14:20:24');
insert into article_comment (article_id, user_id, content, created_by, modified_by, created_at, modified_at) values (76, 'tester2', 'Integer ac leo. Pellentesque ultrices mattis odio. Donec vitae nisi.', 'tester2', 'tester2', '2022-11-16 07:46:55', '2024-10-02 18:08:54');
insert into article_comment (article_id, user_id, content, created_by, modified_by, created_at, modified_at) values (65, 'tester2', 'In congue. Etiam justo. Etiam pretium iaculis justo.', 'tester2', 'tester2', '2022-11-12 22:31:50', '2024-06-20 09:43:48');
insert into article_comment (article_id, user_id, content, created_by, modified_by, created_at, modified_at) values (42, 'tester2', 'Vestibulum quam sapien, varius ut, blandit non, interdum in, ante. Vestibulum ante ipsum primis in faucibus orci luctus et ultrices posuere cubilia Curae; Duis faucibus accumsan odio. Curabitur convallis.', 'tester2', 'tester2', '2023-02-08 06:03:34', '2024-09-06 07:12:51');
insert into article_comment (article_id, user_id, content, created_by, modified_by, created_at, modified_at) values (56, 'tester1', 'Quisque id justo sit amet sapien dignissim vestibulum. Vestibulum ante ipsum primis in faucibus orci luctus et ultrices posuere cubilia Curae; Nulla dapibus dolor vel est. Donec odio justo, sollicitudin ut, suscipit a, feugiat et, eros.', 'tester1', 'tester1', '2023-07-08 13:00:54', '2023-12-27 13:00:38');
insert into article_comment (article_id, user_id, content, created_by, modified_by, created_at, modified_at) values (109, 'tester1', 'Aenean lectus. Pellentesque eget nunc. Donec quis orci eget orci vehicula condimentum.', 'tester1', 'tester1', '2023-06-15 09:20:22', '2024-06-20 18:10:48');
insert into article_comment (article_id, user_id, content, created_by, modified_by, created_at, modified_at) values (88, 'tester2', 'Proin interdum mauris non ligula pellentesque ultrices. Phasellus id sapien in sapien iaculis congue. Vivamus metus arcu, adipiscing molestie, hendrerit at, vulputate vitae, nisl.', 'tester2', 'tester2', '2023-03-29 05:59:02', '2024-03-13 16:51:48');
insert into article_comment (article_id, user_id, content, created_by, modified_by, created_at, modified_at) values (114, 'tester1', 'Nullam porttitor lacus at turpis. Donec posuere metus vitae ipsum. Aliquam non mauris.', 'tester1', 'tester1', '2023-02-24 23:34:00', '2024-07-02 20:12:44');
insert into article_comment (article_id, user_id, content, created_by, modified_by, created_at, modified_at) values (121, 'tester1', 'Donec diam neque, vestibulum eget, vulputate ut, ultrices vel, augue. Vestibulum ante ipsum primis in faucibus orci luctus et ultrices posuere cubilia Curae; Donec pharetra, magna vestibulum aliquet ultrices, erat tortor sollicitudin mi, sit amet lobortis sapien sapien non mi. Integer ac neque.', 'tester1', 'tester1', '2023-05-02 01:49:37', '2024-01-17 17:37:26');
insert into article_comment (article_id, user_id, content, created_by, modified_by, created_at, modified_at) values (39, 'tester1', 'Morbi porttitor lorem id ligula. Suspendisse ornare consequat lectus. In est risus, auctor sed, tristique in, tempus sit amet, sem.', 'tester1', 'tester1', '2023-07-29 00:01:00', '2023-12-19 04:27:53');
insert into article_comment (article_id, user_id, content, created_by, modified_by, created_at, modified_at) values (7, 'tester1', 'Duis consequat dui nec nisi volutpat eleifend. Donec ut dolor. Morbi vel lectus in quam fringilla rhoncus.', 'tester1', 'tester1', '2023-09-19 12:04:32', '2024-09-22 09:45:45');
insert into article_comment (article_id, user_id, content, created_by, modified_by, created_at, modified_at) values (105, 'tester2', 'Quisque porta volutpat erat. Quisque erat eros, viverra eget, congue eget, semper rutrum, nulla. Nunc purus.', 'tester2', 'tester2', '2023-05-12 08:50:18', '2023-12-16 09:04:44');
insert into article_comment (article_id, user_id, content, created_by, modified_by, created_at, modified_at) values (3, 'tester2', 'In congue. Etiam justo. Etiam pretium iaculis justo.', 'tester2', 'tester2', '2023-06-25 09:51:00', '2024-04-09 03:20:36');
insert into article_comment (article_id, user_id, content, created_by, modified_by, created_at, modified_at) values (48, 'tester2', 'Praesent blandit. Nam nulla. Integer pede justo, lacinia eget, tincidunt eget, tempus vel, pede.', 'tester2', 'tester2', '2023-02-23 03:01:17', '2024-04-02 07:14:33');
insert into article_comment (article_id, user_id, content, created_by, modified_by, created_at, modified_at) values (30, 'tester1', 'Pellentesque at nulla. Suspendisse potenti. Cras in purus eu magna vulputate luctus.', 'tester1', 'tester1', '2023-01-26 01:14:05', '2024-09-11 07:44:03');
insert into article_comment (article_id, user_id, content, created_by, modified_by, created_at, modified_at) values (85, 'tester1', 'Morbi porttitor lorem id ligula. Suspendisse ornare consequat lectus. In est risus, auctor sed, tristique in, tempus sit amet, sem.', 'tester1', 'tester1', '2023-10-03 20:36:27', '2023-12-15 22:43:27');
insert into article_comment (article_id, user_id, content, created_by, modified_by, created_at, modified_at) values (12, 'tester1', 'In hac habitasse platea dictumst. Etiam faucibus cursus urna. Ut tellus.', 'tester1', 'tester1', '2023-06-26 17:37:57', '2024-05-30 08:48:55');
insert into article_comment (article_id, user_id, content, created_by, modified_by, created_at, modified_at) values (103, 'tester2', 'Duis aliquam convallis nunc. Proin at turpis a pede posuere nonummy. Integer non velit.', 'tester2', 'tester2', '2023-06-01 00:07:56', '2023-11-19 05:48:53');
insert into article_comment (article_id, user_id, content, created_by, modified_by, created_at, modified_at) values (14, 'tester1', 'Proin interdum mauris non ligula pellentesque ultrices. Phasellus id sapien in sapien iaculis congue. Vivamus metus arcu, adipiscing molestie, hendrerit at, vulputate vitae, nisl.', 'tester1', 'tester1', '2023-01-31 02:22:03', '2024-02-12 19:28:05');
insert into article_comment (article_id, user_id, content, created_by, modified_by, created_at, modified_at) values (63, 'tester1', 'Aenean lectus. Pellentesque eget nunc. Donec quis orci eget orci vehicula condimentum.', 'tester1', 'tester1', '2023-04-27 17:41:24', '2024-04-25 10:04:38');
insert into article_comment (article_id, user_id, content, created_by, modified_by, created_at, modified_at) values (108, 'tester2', 'Nullam porttitor lacus at turpis. Donec posuere metus vitae ipsum. Aliquam non mauris.', 'tester2', 'tester2', '2023-08-23 17:30:19', '2023-11-19 09:55:00');
insert into article_comment (article_id, user_id, content, created_by, modified_by, created_at, modified_at) values (41, 'tester2', 'Sed sagittis. Nam congue, risus semper porta volutpat, quam pede lobortis ligula, sit amet eleifend pede libero quis orci. Nullam molestie nibh in lectus.', 'tester2', 'tester2', '2023-02-18 01:32:47', '2024-03-14 18:57:38');
insert into article_comment (article_id, user_id, content, created_by, modified_by, created_at, modified_at) values (45, 'tester1', 'In sagittis dui vel nisl. Duis ac nibh. Fusce lacus purus, aliquet at, feugiat non, pretium quis, lectus.', 'tester1', 'tester1', '2023-08-18 23:04:35', '2024-08-26 04:15:40');
insert into article_comment (article_id, user_id, content, created_by, modified_by, created_at, modified_at) values (72, 'tester2', 'In hac habitasse platea dictumst. Morbi vestibulum, velit id pretium iaculis, diam erat fermentum justo, nec condimentum neque sapien placerat ante. Nulla justo.', 'tester2', 'tester2', '2023-04-24 15:55:00', '2023-12-29 10:05:45');
insert into article_comment (article_id, user_id, content, created_by, modified_by, created_at, modified_at) values (73, 'tester2', 'In congue. Etiam justo. Etiam pretium iaculis justo.', 'tester2', 'tester2', '2022-12-13 12:18:22', '2024-04-13 01:59:15');
insert into article_comment (article_id, user_id, content, created_by, modified_by, created_at, modified_at) values (50, 'tester1', 'Integer tincidunt ante vel ipsum. Praesent blandit lacinia erat. Vestibulum sed magna at nunc commodo placerat.', 'tester1', 'tester1', '2023-03-07 05:37:42', '2024-08-26 02:53:41');
insert into article_comment (article_id, user_id, content, created_by, modified_by, created_at, modified_at) values (122, 'tester1', 'Aliquam quis turpis eget elit sodales scelerisque. Mauris sit amet eros. Suspendisse accumsan tortor quis turpis.', 'tester1', 'tester1', '2023-03-13 06:00:14', '2024-09-21 19:59:44');
insert into article_comment (article_id, user_id, content, created_by, modified_by, created_at, modified_at) values (50, 'tester2', 'Lorem ipsum dolor sit amet, consectetuer adipiscing elit. Proin risus. Praesent lectus.', 'tester2', 'tester2', '2023-09-01 10:29:26', '2024-07-26 11:37:10');
insert into article_comment (article_id, user_id, content, created_by, modified_by, created_at, modified_at) values (113, 'tester2', 'Proin leo odio, porttitor id, consequat in, consequat ut, nulla. Sed accumsan felis. Ut at dolor quis odio consequat varius.', 'tester2', 'tester2', '2023-05-21 06:45:17', '2024-06-26 10:18:27');
insert into article_comment (article_id, user_id, content, created_by, modified_by, created_at, modified_at) values (43, 'tester1', 'Integer tincidunt ante vel ipsum. Praesent blandit lacinia erat. Vestibulum sed magna at nunc commodo placerat.', 'tester1', 'tester1', '2023-08-22 17:57:02', '2023-10-23 20:16:47');
insert into article_comment (article_id, user_id, content, created_by, modified_by, created_at, modified_at) values (119, 'tester1', 'Mauris enim leo, rhoncus sed, vestibulum sit amet, cursus id, turpis. Integer aliquet, massa id lobortis convallis, tortor risus dapibus augue, vel accumsan tellus nisi eu orci. Mauris lacinia sapien quis libero.', 'tester1', 'tester1', '2023-09-04 06:30:06', '2024-08-09 10:44:29');
insert into article_comment (article_id, user_id, content, created_by, modified_by, created_at, modified_at) values (27, 'tester1', 'Cras mi pede, malesuada in, imperdiet et, commodo vulputate, justo. In blandit ultrices enim. Lorem ipsum dolor sit amet, consectetuer adipiscing elit.', 'tester1', 'tester1', '2023-03-25 00:23:05', '2024-01-14 17:40:51');
insert into article_comment (article_id, user_id, content, created_by, modified_by, created_at, modified_at) values (61, 'tester1', 'Fusce consequat. Nulla nisl. Nunc nisl.', 'tester1', 'tester1', '2023-02-11 07:43:52', '2024-01-12 01:09:27');
insert into article_comment (article_id, user_id, content, created_by, modified_by, created_at, modified_at) values (72, 'tester1', 'In hac habitasse platea dictumst. Etiam faucibus cursus urna. Ut tellus.', 'tester1', 'tester1', '2023-04-30 05:06:44', '2024-09-25 05:27:53');
insert into article_comment (article_id, user_id, content, created_by, modified_by, created_at, modified_at) values (52, 'tester2', 'Maecenas leo odio, condimentum id, luctus nec, molestie sed, justo. Pellentesque viverra pede ac diam. Cras pellentesque volutpat dui.', 'tester2', 'tester2', '2023-10-02 00:30:56', '2024-08-11 15:12:20');
insert into article_comment (article_id, user_id, content, created_by, modified_by, created_at, modified_at) values (88, 'tester2', 'Vestibulum ac est lacinia nisi venenatis tristique. Fusce congue, diam id ornare imperdiet, sapien urna pretium nisl, ut volutpat sapien arcu sed augue. Aliquam erat volutpat.', 'tester2', 'tester2', '2023-09-12 13:28:11', '2024-07-29 08:12:38');
insert into article_comment (article_id, user_id, content, created_by, modified_by, created_at, modified_at) values (118, 'tester2', 'Proin interdum mauris non ligula pellentesque ultrices. Phasellus id sapien in sapien iaculis congue. Vivamus metus arcu, adipiscing molestie, hendrerit at, vulputate vitae, nisl.', 'tester2', 'tester2', '2022-12-06 14:19:14', '2024-01-03 01:06:31');
insert into article_comment (article_id, user_id, content, created_by, modified_by, created_at, modified_at) values (6, 'tester2', 'Quisque porta volutpat erat. Quisque erat eros, viverra eget, congue eget, semper rutrum, nulla. Nunc purus.', 'tester2', 'tester2', '2023-03-08 12:15:29', '2024-05-16 22:37:23');
insert into article_comment (article_id, user_id, content, created_by, modified_by, created_at, modified_at) values (104, 'tester1', 'In quis justo. Maecenas rhoncus aliquam lacus. Morbi quis tortor id nulla ultrices aliquet.', 'tester1', 'tester1', '2023-02-18 10:16:21', '2024-07-05 21:26:40');
insert into article_comment (article_id, user_id, content, created_by, modified_by, created_at, modified_at) values (41, 'tester2', 'In sagittis dui vel nisl. Duis ac nibh. Fusce lacus purus, aliquet at, feugiat non, pretium quis, lectus.', 'tester2', 'tester2', '2023-03-27 10:42:16', '2023-10-24 07:39:25');
insert into article_comment (article_id, user_id, content, created_by, modified_by, created_at, modified_at) values (86, 'tester1', 'Curabitur in libero ut massa volutpat convallis. Morbi odio odio, elementum eu, interdum eu, tincidunt in, leo. Maecenas pulvinar lobortis est.', 'tester1', 'tester1', '2023-07-14 06:37:23', '2024-06-04 15:36:50');
insert into article_comment (article_id, user_id, content, created_by, modified_by, created_at, modified_at) values (70, 'tester1', 'Vestibulum ac est lacinia nisi venenatis tristique. Fusce congue, diam id ornare imperdiet, sapien urna pretium nisl, ut volutpat sapien arcu sed augue. Aliquam erat volutpat.', 'tester1', 'tester1', '2023-03-18 17:35:52', '2024-05-30 20:33:38');
insert into article_comment (article_id, user_id, content, created_by, modified_by, created_at, modified_at) values (116, 'tester2', 'Donec diam neque, vestibulum eget, vulputate ut, ultrices vel, augue. Vestibulum ante ipsum primis in faucibus orci luctus et ultrices posuere cubilia Curae; Donec pharetra, magna vestibulum aliquet ultrices, erat tortor sollicitudin mi, sit amet lobortis sapien sapien non mi. Integer ac neque.', 'tester2', 'tester2', '2023-04-17 18:40:29', '2024-07-17 14:15:57');
insert into article_comment (article_id, user_id, content, created_by, modified_by, created_at, modified_at) values (13, 'tester2', 'Duis aliquam convallis nunc. Proin at turpis a pede posuere nonummy. Integer non velit.', 'tester2', 'tester2', '2023-03-22 01:14:02', '2024-01-14 14:09:03');
insert into article_comment (article_id, user_id, content, created_by, modified_by, created_at, modified_at) values (50, 'tester2', 'Integer ac leo. Pellentesque ultrices mattis odio. Donec vitae nisi.', 'tester2', 'tester2', '2023-01-22 22:09:31', '2023-11-03 20:02:49');
insert into article_comment (article_id, user_id, content, created_by, modified_by, created_at, modified_at) values (81, 'tester1', 'Praesent blandit. Nam nulla. Integer pede justo, lacinia eget, tincidunt eget, tempus vel, pede.', 'tester1', 'tester1', '2023-10-01 07:16:44', '2024-08-10 11:29:03');
insert into article_comment (article_id, user_id, content, created_by, modified_by, created_at, modified_at) values (112, 'tester2', 'In sagittis dui vel nisl. Duis ac nibh. Fusce lacus purus, aliquet at, feugiat non, pretium quis, lectus.', 'tester2', 'tester2', '2023-07-01 06:08:08', '2024-10-03 19:32:01');
insert into article_comment (article_id, user_id, content, created_by, modified_by, created_at, modified_at) values (86, 'tester2', 'Cras mi pede, malesuada in, imperdiet et, commodo vulputate, justo. In blandit ultrices enim. Lorem ipsum dolor sit amet, consectetuer adipiscing elit.', 'tester2', 'tester2', '2023-03-18 15:55:11', '2024-06-16 04:27:45');
insert into article_comment (article_id, user_id, content, created_by, modified_by, created_at, modified_at) values (61, 'tester1', 'Mauris enim leo, rhoncus sed, vestibulum sit amet, cursus id, turpis. Integer aliquet, massa id lobortis convallis, tortor risus dapibus augue, vel accumsan tellus nisi eu orci. Mauris lacinia sapien quis libero.', 'tester1', 'tester1', '2023-03-30 23:15:47', '2024-04-10 11:50:01');
insert into article_comment (article_id, user_id, content, created_by, modified_by, created_at, modified_at) values (102, 'tester1', 'Praesent blandit. Nam nulla. Integer pede justo, lacinia eget, tincidunt eget, tempus vel, pede.', 'tester1', 'tester1', '2023-07-13 06:56:51', '2024-09-01 15:38:29');
insert into article_comment (article_id, user_id, content, created_by, modified_by, created_at, modified_at) values (31, 'tester2', 'Phasellus sit amet erat. Nulla tempus. Vivamus in felis eu sapien cursus vestibulum.', 'tester2', 'tester2', '2023-02-10 19:37:05', '2024-01-26 03:37:32');
insert into article_comment (article_id, user_id, content, created_by, modified_by, created_at, modified_at) values (115, 'tester1', 'Vestibulum quam sapien, varius ut, blandit non, interdum in, ante. Vestibulum ante ipsum primis in faucibus orci luctus et ultrices posuere cubilia Curae; Duis faucibus accumsan odio. Curabitur convallis.', 'tester1', 'tester1', '2023-05-30 08:05:59', '2024-05-03 19:02:02');
insert into article_comment (article_id, user_id, content, created_by, modified_by, created_at, modified_at) values (40, 'tester2', 'Cras non velit nec nisi vulputate nonummy. Maecenas tincidunt lacus at velit. Vivamus vel nulla eget eros elementum pellentesque.', 'tester2', 'tester2', '2023-08-25 01:07:05', '2024-05-07 19:42:05');
